timestamp_minute,asset,instrument_type,strike,trading_symbol,open,high,low,close,volume,tick_count
2026-09-30 15:29:00,CRUDEOIL,FUT,0.0,CRUDEOIL19OCT26FUT,8659.0,8667.0,8659.0,8664.0,5900,14
2026-09-30 15:29:00,CRUDEOIL,CE,9350.0,CRUDEOIL15OCT269350CE,186.0,187.8,186.0,187.8,100,14
2026-09-30 15:29:00,CRUDEOIL,PE,9350.0,CRUDEOIL15OCT269350PE,894.5,894.5,894.5,894.5,0,14
2026-09-30 15:29:00,CRUDEOIL,CE,9400.0,CRUDEOIL15OCT269400CE,173.4,176.4,173.4,176.4,800,14
2026-09-30 15:29:00,CRUDEOIL,PE,9400.0,CRUDEOIL15OCT269400PE,911.0,911.0,911.0,911.0,0,14
2026-09-30 15:29:00,CRUDEOIL,CE,9450.0,CRUDEOIL15OCT269450CE,163.5,163.5,163.5,163.5,0,14
2026-09-30 15:29:00,CRUDEOIL,PE,9450.0,CRUDEOIL15OCT269450PE,758.1,758.1,758.1,758.1,0,14
2026-09-30 15:29:00,CRUDEOIL,CE,9500.0,CRUDEOIL15OCT269500CE,151.7,152.7,151.7,151.9,6400,14
2026-09-30 15:29:00,CRUDEOIL,PE,9500.0,CRUDEOIL15OCT269500PE,980.0,980.0,980.0,980.0,0,14
2026-09-30 15:29:00,CRUDEOIL,CE,9550.0,CRUDEOIL15OCT269550CE,142.4,143.5,142.4,143.5,100,14
2026-09-30 15:29:00,CRUDEOIL,PE,9550.0,CRUDEOIL15OCT269550PE,888.9,888.9,888.9,888.9,0,14
2026-09-30 15:29:00,CRUDEOIL,CE,9600.0,CRUDEOIL15OCT269600CE,133.2,135.3,133.2,135.2,700,14
2026-09-30 15:29:00,CRUDEOIL,PE,9600.0,CRUDEOIL15OCT269600PE,1099.0,1099.0,1099.0,1099.0,0,14
2026-09-30 15:29:00,CRUDEOIL,CE,9650.0,CRUDEOIL15OCT269650CE,125.5,125.5,125.5,125.5,0,14
2026-09-30 15:29:00,CRUDEOIL,PE,9650.0,CRUDEOIL15OCT269650PE,818.0,818.0,818.0,818.0,0,14
2026-09-30 15:29:00,CRUDEOIL,CE,9700.0,CRUDEOIL15OCT269700CE,117.5,118.0,117.0,118.0,800,14
2026-09-30 15:29:00,CRUDEOIL,PE,9700.0,CRUDEOIL15OCT269700PE,1185.9,1185.9,1185.9,1185.9,0,14
2026-09-30 15:29:00,CRUDEOIL,CE,9750.0,CRUDEOIL15OCT269750CE,110.2,111.0,110.2,111.0,4500,14
2026-09-30 15:29:00,CRUDEOIL,PE,9750.0,CRUDEOIL15OCT269750PE,1109.3,1109.3,1109.3,1109.3,0,14
2026-09-30 15:29:00,CRUDEOIL,CE,9800.0,CRUDEOIL15OCT269800CE,102.9,103.5,102.2,103.2,700,14
2026-09-30 15:29:00,CRUDEOIL,PE,9800.0,CRUDEOIL15OCT269800PE,1092.9,1092.9,1092.9,1092.9,0,14
2026-09-30 15:29:00,CRUDEOIL,CE,9850.0,CRUDEOIL15OCT269850CE,98.2,98.2,98.2,98.2,0,14
2026-09-30 15:29:00,CRUDEOIL,PE,9850.0,CRUDEOIL15OCT269850PE,1320.0,1320.0,1320.0,1320.0,0,14
2026-09-30 15:29:00,CRUDEOIL,CE,9900.0,CRUDEOIL15OCT269900CE,90.5,91.7,90.4,91.1,500,14
2026-09-30 15:29:00,CRUDEOIL,PE,9900.0,CRUDEOIL15OCT269900PE,1295.9,1295.9,1295.9,1295.9,0,14
2026-09-30 15:29:00,CRUDEOIL,CE,9950.0,CRUDEOIL15OCT269950CE,85.5,85.5,85.5,85.5,0,14
2026-09-30 15:29:00,CRUDEOIL,PE,9950.0,CRUDEOIL15OCT269950PE,1054.1,1054.1,1054.1,1054.1,0,14
2026-09-30 15:29:00,CRUDEOILM,FUT,0.0,CRUDEOILM19OCT26FUT,8665.0,8669.0,8662.0,8665.0,920,14
2026-09-30 15:29:00,CRUDEOILM,CE,9350.0,CRUDEOILM15OCT269350CE,191.8,192.4,191.8,192.4,70,14
2026-09-30 15:29:00,CRUDEOILM,PE,9350.0,CRUDEOILM15OCT269350PE,850.25,850.25,850.25,850.25,0,14
2026-09-30 15:29:00,CRUDEOILM,CE,9400.0,CRUDEOILM15OCT269400CE,178.45,180.0,178.45,179.35,50,14
2026-09-30 15:29:00,CRUDEOILM,PE,9400.0,CRUDEOILM15OCT269400PE,913.6,913.6,913.6,913.6,0,14
2026-09-30 15:29:00,CRUDEOILM,CE,9450.0,CRUDEOILM15OCT269450CE,166.5,168.55,166.5,168.55,10,14
2026-09-30 15:29:00,CRUDEOILM,PE,9450.0,CRUDEOILM15OCT269450PE,971.75,971.75,971.75,971.75,0,14
2026-09-30 15:29:00,CRUDEOILM,CE,9500.0,CRUDEOILM15OCT269500CE,156.5,157.6,156.0,157.6,2440,14
2026-09-30 15:29:00,CRUDEOILM,PE,9500.0,CRUDEOILM15OCT269500PE,992.0,992.0,992.0,992.0,0,14
2026-09-30 15:29:00,CRUDEOILM,CE,9550.0,CRUDEOILM15OCT269550CE,146.25,147.95,146.25,147.95,50,14
2026-09-30 15:29:00,CRUDEOILM,PE,9550.0,CRUDEOILM15OCT269550PE,978.95,978.95,978.95,978.95,0,14
2026-09-30 15:29:00,CRUDEOILM,CE,9600.0,CRUDEOILM15OCT269600CE,137.0,137.85,136.85,137.15,240,14
2026-09-30 15:29:00,CRUDEOILM,PE,9600.0,CRUDEOILM15OCT269600PE,1129.0,1129.0,1129.0,1129.0,0,14
2026-09-30 15:29:00,CRUDEOILM,CE,9650.0,CRUDEOILM15OCT269650CE,129.5,129.5,129.0,129.0,20,14
2026-09-30 15:29:00,CRUDEOILM,PE,9650.0,CRUDEOILM15OCT269650PE,996.35,996.35,996.35,996.35,0,14
2026-09-30 15:29:00,CRUDEOILM,CE,9700.0,CRUDEOILM15OCT269700CE,119.75,120.85,119.75,120.8,120,14
2026-09-30 15:29:00,CRUDEOILM,PE,9700.0,CRUDEOILM15OCT269700PE,1180.45,1180.45,1180.45,1180.45,0,14
2026-09-30 15:29:00,CRUDEOILM,CE,9750.0,CRUDEOILM15OCT269750CE,112.9,113.9,112.9,113.55,250,14
2026-09-30 15:29:00,CRUDEOILM,PE,9750.0,CRUDEOILM15OCT269750PE,999.25,999.25,999.25,999.25,0,14
2026-09-30 15:29:00,CRUDEOILM,CE,9800.0,CRUDEOILM15OCT269800CE,106.0,106.45,105.85,106.45,60,14
2026-09-30 15:29:00,CRUDEOILM,PE,9800.0,CRUDEOILM15OCT269800PE,1306.15,1306.15,1306.15,1306.15,0,14
2026-09-30 15:29:00,CRUDEOILM,CE,9850.0,CRUDEOILM15OCT269850CE,98.85,100.0,98.85,100.0,560,14
2026-09-30 15:29:00,CRUDEOILM,PE,9850.0,CRUDEOILM15OCT269850PE,1095.35,1095.35,1095.35,1095.35,0,14
2026-09-30 15:29:00,CRUDEOILM,CE,9900.0,CRUDEOILM15OCT269900CE,92.2,92.2,92.2,92.2,0,14
2026-09-30 15:29:00,CRUDEOILM,PE,9900.0,CRUDEOILM15OCT269900PE,1379.35,1379.35,1379.35,1379.35,0,14
2026-09-30 15:29:00,CRUDEOILM,CE,9950.0,CRUDEOILM15OCT269950CE,89.0,89.0,89.0,89.0,0,14
2026-09-30 15:29:00,CRUDEOILM,PE,9950.0,CRUDEOILM15OCT269950PE,1289.35,1289.35,1289.35,1289.35,0,14
2026-09-30 15:30:00,CRUDEOIL,FUT,0.0,CRUDEOIL19OCT26FUT,8664.0,8664.0,8658.0,8662.0,1800,15
2026-09-30 15:30:00,CRUDEOIL,CE,9350.0,CRUDEOIL15OCT269350CE,186.9,186.9,185.8,185.8,200,15
2026-09-30 15:30:00,CRUDEOIL,PE,9350.0,CRUDEOIL15OCT269350PE,894.5,894.5,894.5,894.5,0,15
2026-09-30 15:30:00,CRUDEOIL,CE,9400.0,CRUDEOIL15OCT269400CE,176.4,176.4,174.2,174.2,1000,15
2026-09-30 15:30:00,CRUDEOIL,PE,9400.0,CRUDEOIL15OCT269400PE,911.0,911.0,911.0,911.0,0,15
2026-09-30 15:30:00,CRUDEOIL,CE,9450.0,CRUDEOIL15OCT269450CE,163.5,163.5,162.0,162.0,200,15
2026-09-30 15:30:00,CRUDEOIL,PE,9450.0,CRUDEOIL15OCT269450PE,758.1,758.1,758.1,758.1,0,15
2026-09-30 15:30:00,CRUDEOIL,CE,9500.0,CRUDEOIL15OCT269500CE,152.6,152.6,150.8,150.9,2400,15
2026-09-30 15:30:00,CRUDEOIL,PE,9500.0,CRUDEOIL15OCT269500PE,980.0,980.0,980.0,980.0,0,15
2026-09-30 15:30:00,CRUDEOIL,CE,9550.0,CRUDEOIL15OCT269550CE,143.5,143.5,142.4,142.4,100,15
2026-09-30 15:30:00,CRUDEOIL,PE,9550.0,CRUDEOIL15OCT269550PE,888.9,888.9,888.9,888.9,0,15
2026-09-30 15:30:00,CRUDEOIL,CE,9600.0,CRUDEOIL15OCT269600CE,135.2,135.2,132.9,133.0,700,15
2026-09-30 15:30:00,CRUDEOIL,PE,9600.0,CRUDEOIL15OCT269600PE,1099.0,1099.0,1099.0,1099.0,0,15
2026-09-30 15:30:00,CRUDEOIL,CE,9650.0,CRUDEOIL15OCT269650CE,125.5,125.7,125.5,125.7,200,15
2026-09-30 15:30:00,CRUDEOIL,PE,9650.0,CRUDEOIL15OCT269650PE,818.0,818.0,818.0,818.0,0,15
2026-09-30 15:30:00,CRUDEOIL,CE,9700.0,CRUDEOIL15OCT269700CE,116.6,116.6,116.4,116.5,1100,15
2026-09-30 15:30:00,CRUDEOIL,PE,9700.0,CRUDEOIL15OCT269700PE,1185.9,1185.9,1185.9,1185.9,0,15
2026-09-30 15:30:00,CRUDEOIL,CE,9750.0,CRUDEOIL15OCT269750CE,111.0,111.0,110.0,110.0,800,15
2026-09-30 15:30:00,CRUDEOIL,PE,9750.0,CRUDEOIL15OCT269750PE,1109.3,1109.3,1109.3,1109.3,0,15
2026-09-30 15:30:00,CRUDEOIL,CE,9800.0,CRUDEOIL15OCT269800CE,103.1,103.1,102.4,102.4,1100,15
2026-09-30 15:30:00,CRUDEOIL,PE,9800.0,CRUDEOIL15OCT269800PE,1092.9,1092.9,1092.9,1092.9,0,15
2026-09-30 15:30:00,CRUDEOIL,CE,9850.0,CRUDEOIL15OCT269850CE,98.2,98.2,97.0,97.0,100,15
2026-09-30 15:30:00,CRUDEOIL,PE,9850.0,CRUDEOIL15OCT269850PE,1320.0,1320.0,1320.0,1320.0,0,15
2026-09-30 15:30:00,CRUDEOIL,CE,9900.0,CRUDEOIL15OCT269900CE,90.8,90.8,89.7,90.5,700,15
2026-09-30 15:30:00,CRUDEOIL,PE,9900.0,CRUDEOIL15OCT269900PE,1295.9,1295.9,1295.9,1295.9,0,15
2026-09-30 15:30:00,CRUDEOIL,CE,9950.0,CRUDEOIL15OCT269950CE,85.5,85.6,85.5,85.6,400,15
2026-09-30 15:30:00,CRUDEOIL,PE,9950.0,CRUDEOIL15OCT269950PE,1054.1,1054.1,1054.1,1054.1,0,15
2026-09-30 15:30:00,CRUDEOILM,FUT,0.0,CRUDEOILM19OCT26FUT,8663.0,8664.0,8658.0,8661.0,1040,15
2026-09-30 15:30:00,CRUDEOILM,CE,9350.0,CRUDEOILM15OCT269350CE,191.85,191.85,191.85,191.85,70,15
2026-09-30 15:30:00,CRUDEOILM,PE,9350.0,CRUDEOILM15OCT269350PE,850.25,850.25,850.25,850.25,0,15
2026-09-30 15:30:00,CRUDEOILM,CE,9400.0,CRUDEOILM15OCT269400CE,178.75,178.75,176.85,177.25,80,15
2026-09-30 15:30:00,CRUDEOILM,PE,9400.0,CRUDEOILM15OCT269400PE,913.6,913.6,913.6,913.6,0,15
2026-09-30 15:30:00,CRUDEOILM,CE,9450.0,CRUDEOILM15OCT269450CE,168.55,168.55,166.6,166.6,200,15
2026-09-30 15:30:00,CRUDEOILM,PE,9450.0,CRUDEOILM15OCT269450PE,971.75,971.75,971.75,971.75,0,15
2026-09-30 15:30:00,CRUDEOILM,CE,9500.0,CRUDEOILM15OCT269500CE,156.2,156.2,154.5,155.5,620,15
2026-09-30 15:30:00,CRUDEOILM,PE,9500.0,CRUDEOILM15OCT269500PE,992.0,992.0,992.0,992.0,0,15
2026-09-30 15:30:00,CRUDEOILM,CE,9550.0,CRUDEOILM15OCT269550CE,147.95,147.95,147.95,147.95,0,15
2026-09-30 15:30:00,CRUDEOILM,PE,9550.0,CRUDEOILM15OCT269550PE,978.95,978.95,978.95,978.95,0,15
2026-09-30 15:30:00,CRUDEOILM,CE,9600.0,CRUDEOILM15OCT269600CE,136.75,136.75,135.45,135.45,180,15
2026-09-30 15:30:00,CRUDEOILM,PE,9600.0,CRUDEOILM15OCT269600PE,1129.0,1129.0,1129.0,1129.0,0,15
2026-09-30 15:30:00,CRUDEOILM,CE,9650.0,CRUDEOILM15OCT269650CE,129.35,129.35,128.7,128.7,50,15
2026-09-30 15:30:00,CRUDEOILM,PE,9650.0,CRUDEOILM15OCT269650PE,996.35,996.35,996.35,996.35,0,15
2026-09-30 15:30:00,CRUDEOILM,CE,9700.0,CRUDEOILM15OCT269700CE,120.3,120.3,118.8,118.8,60,15
2026-09-30 15:30:00,CRUDEOILM,PE,9700.0,CRUDEOILM15OCT269700PE,1180.45,1180.45,1180.45,1180.45,0,15
2026-09-30 15:30:00,CRUDEOILM,CE,9750.0,CRUDEOILM15OCT269750CE,113.55,113.55,112.7,112.8,100,15
2026-09-30 15:30:00,CRUDEOILM,PE,9750.0,CRUDEOILM15OCT269750PE,999.25,999.25,999.25,999.25,0,15
2026-09-30 15:30:00,CRUDEOILM,CE,9800.0,CRUDEOILM15OCT269800CE,106.45,106.45,105.0,105.0,20,15
2026-09-30 15:30:00,CRUDEOILM,PE,9800.0,CRUDEOILM15OCT269800PE,1306.15,1306.15,1306.15,1306.15,0,15
2026-09-30 15:30:00,CRUDEOILM,CE,9850.0,CRUDEOILM15OCT269850CE,100.0,100.0,98.6,98.6,40,15
2026-09-30 15:30:00,CRUDEOILM,PE,9850.0,CRUDEOILM15OCT269850PE,1095.35,1095.35,1095.35,1095.35,0,15
2026-09-30 15:30:00,CRUDEOILM,CE,9900.0,CRUDEOILM15OCT269900CE,92.2,92.2,92.2,92.2,0,15
2026-09-30 15:30:00,CRUDEOILM,PE,9900.0,CRUDEOILM15OCT269900PE,1379.35,1379.35,1379.35,1379.35,0,15
2026-09-30 15:30:00,CRUDEOILM,CE,9950.0,CRUDEOILM15OCT269950CE,89.0,89.0,89.0,89.0,0,15
2026-09-30 15:30:00,CRUDEOILM,PE,9950.0,CRUDEOILM15OCT269950PE,1289.35,1289.35,1289.35,1289.35,0,15
2026-09-30 15:31:00,CRUDEOIL,FUT,0.0,CRUDEOIL19OCT26FUT,8662.0,8665.0,8662.0,8663.0,3500,14
2026-09-30 15:31:00,CRUDEOIL,CE,9350.0,CRUDEOIL15OCT269350CE,185.8,187.1,185.8,187.1,800,14
2026-09-30 15:31:00,CRUDEOIL,PE,9350.0,CRUDEOIL15OCT269350PE,894.5,894.5,894.5,894.5,0,14
2026-09-30 15:31:00,CRUDEOIL,CE,9400.0,CRUDEOIL15OCT269400CE,174.2,176.1,173.7,176.1,600,14
2026-09-30 15:31:00,CRUDEOIL,PE,9400.0,CRUDEOIL15OCT269400PE,911.0,911.0,911.0,911.0,0,14
2026-09-30 15:31:00,CRUDEOIL,CE,9450.0,CRUDEOIL15OCT269450CE,162.0,165.4,162.0,165.4,1200,14
2026-09-30 15:31:00,CRUDEOIL,PE,9450.0,CRUDEOIL15OCT269450PE,758.1,758.1,758.1,758.1,0,14
2026-09-30 15:31:00,CRUDEOIL,CE,9500.0,CRUDEOIL15OCT269500CE,150.9,152.5,150.5,152.5,3800,14
2026-09-30 15:31:00,CRUDEOIL,PE,9500.0,CRUDEOIL15OCT269500PE,980.0,980.0,980.0,980.0,0,14
2026-09-30 15:31:00,CRUDEOIL,CE,9550.0,CRUDEOIL15OCT269550CE,142.4,142.4,142.0,142.0,100,14
2026-09-30 15:31:00,CRUDEOIL,PE,9550.0,CRUDEOIL15OCT269550PE,888.9,888.9,888.9,888.9,0,14
2026-09-30 15:31:00,CRUDEOIL,CE,9600.0,CRUDEOIL15OCT269600CE,133.0,135.1,133.0,135.1,900,14
2026-09-30 15:31:00,CRUDEOIL,PE,9600.0,CRUDEOIL15OCT269600PE,1099.0,1099.0,1099.0,1099.0,0,14
2026-09-30 15:31:00,CRUDEOIL,CE,9650.0,CRUDEOIL15OCT269650CE,125.7,126.1,125.7,126.1,100,14
2026-09-30 15:31:00,CRUDEOIL,PE,9650.0,CRUDEOIL15OCT269650PE,818.0,818.0,818.0,818.0,0,14
2026-09-30 15:31:00,CRUDEOIL,CE,9700.0,CRUDEOIL15OCT269700CE,116.5,116.8,116.0,116.8,400,14
2026-09-30 15:31:00,CRUDEOIL,PE,9700.0,CRUDEOIL15OCT269700PE,1185.9,1185.9,1185.9,1185.9,0,14
2026-09-30 15:31:00,CRUDEOIL,CE,9750.0,CRUDEOIL15OCT269750CE,110.0,110.8,110.0,110.8,200,14
2026-09-30 15:31:00,CRUDEOIL,PE,9750.0,CRUDEOIL15OCT269750PE,1109.3,1109.3,1109.3,1109.3,0,14
2026-09-30 15:31:00,CRUDEOIL,CE,9800.0,CRUDEOIL15OCT269800CE,102.4,103.4,102.2,103.4,1000,14
2026-09-30 15:31:00,CRUDEOIL,PE,9800.0,CRUDEOIL15OCT269800PE,1092.9,1092.9,1092.9,1092.9,0,14
2026-09-30 15:31:00,CRUDEOIL,CE,9850.0,CRUDEOIL15OCT269850CE,97.0,97.8,97.0,97.8,100,14
2026-09-30 15:31:00,CRUDEOIL,PE,9850.0,CRUDEOIL15OCT269850PE,1320.0,1320.0,1320.0,1320.0,0,14
2026-09-30 15:31:00,CRUDEOIL,CE,9900.0,CRUDEOIL15OCT269900CE,90.5,91.4,90.5,91.4,1000,14
2026-09-30 15:31:00,CRUDEOIL,PE,9900.0,CRUDEOIL15OCT269900PE,1295.9,1295.9,1295.9,1295.9,0,14
2026-09-30 15:31:00,CRUDEOIL,CE,9950.0,CRUDEOIL15OCT269950CE,85.6,86.3,85.4,86.3,300,14
2026-09-30 15:31:00,CRUDEOIL,PE,9950.0,CRUDEOIL15OCT269950PE,1054.1,1054.1,1054.1,1054.1,0,14
2026-09-30 15:31:00,CRUDEOILM,FUT,0.0,CRUDEOILM19OCT26FUT,8659.0,8665.0,8659.0,8664.0,720,14
2026-09-30 15:31:00,CRUDEOILM,CE,9350.0,CRUDEOILM15OCT269350CE,191.85,193.15,191.65,193.15,340,14
2026-09-30 15:31:00,CRUDEOILM,PE,9350.0,CRUDEOILM15OCT269350PE,850.25,850.25,850.25,850.25,0,14
2026-09-30 15:31:00,CRUDEOILM,CE,9400.0,CRUDEOILM15OCT269400CE,177.55,179.25,177.55,179.25,570,14
2026-09-30 15:31:00,CRUDEOILM,PE,9400.0,CRUDEOILM15OCT269400PE,913.6,913.6,913.6,913.6,0,14
2026-09-30 15:31:00,CRUDEOILM,CE,9450.0,CRUDEOILM15OCT269450CE,166.6,169.6,166.6,169.6,220,14
2026-09-30 15:31:00,CRUDEOILM,PE,9450.0,CRUDEOILM15OCT269450PE,971.75,971.75,971.75,971.75,0,14
2026-09-30 15:31:00,CRUDEOILM,CE,9500.0,CRUDEOILM15OCT269500CE,155.5,157.15,155.5,157.1,1720,14
2026-09-30 15:31:00,CRUDEOILM,PE,9500.0,CRUDEOILM15OCT269500PE,992.0,996.65,992.0,996.65,10,14
2026-09-30 15:31:00,CRUDEOILM,CE,9550.0,CRUDEOILM15OCT269550CE,147.95,148.25,146.4,148.25,270,14
2026-09-30 15:31:00,CRUDEOILM,PE,9550.0,CRUDEOILM15OCT269550PE,978.95,978.95,978.95,978.95,0,14
2026-09-30 15:31:00,CRUDEOILM,CE,9600.0,CRUDEOILM15OCT269600CE,135.45,137.1,135.45,137.1,970,14
2026-09-30 15:31:00,CRUDEOILM,PE,9600.0,CRUDEOILM15OCT269600PE,1129.0,1129.0,1129.0,1129.0,0,14
2026-09-30 15:31:00,CRUDEOILM,CE,9650.0,CRUDEOILM15OCT269650CE,128.7,129.3,128.0,129.3,100,14
2026-09-30 15:31:00,CRUDEOILM,PE,9650.0,CRUDEOILM15OCT269650PE,996.35,996.35,996.35,996.35,0,14
2026-09-30 15:31:00,CRUDEOILM,CE,9700.0,CRUDEOILM15OCT269700CE,118.8,120.8,118.8,120.8,360,14
2026-09-30 15:31:00,CRUDEOILM,PE,9700.0,CRUDEOILM15OCT269700PE,1180.45,1180.45,1180.45,1180.45,0,14
2026-09-30 15:31:00,CRUDEOILM,CE,9750.0,CRUDEOILM15OCT269750CE,112.85,114.35,112.5,114.35,310,14
2026-09-30 15:31:00,CRUDEOILM,PE,9750.0,CRUDEOILM15OCT269750PE,999.25,999.25,999.25,999.25,0,14
2026-09-30 15:31:00,CRUDEOILM,CE,9800.0,CRUDEOILM15OCT269800CE,105.0,106.1,105.0,106.1,340,14
2026-09-30 15:31:00,CRUDEOILM,PE,9800.0,CRUDEOILM15OCT269800PE,1306.15,1306.15,1306.15,1306.15,0,14
2026-09-30 15:31:00,CRUDEOILM,CE,9850.0,CRUDEOILM15OCT269850CE,98.6,99.9,98.6,99.7,110,14
2026-09-30 15:31:00,CRUDEOILM,PE,9850.0,CRUDEOILM15OCT269850PE,1095.35,1095.35,1095.35,1095.35,0,14
2026-09-30 15:31:00,CRUDEOILM,CE,9900.0,CRUDEOILM15OCT269900CE,92.2,93.8,92.2,93.8,20,14
2026-09-30 15:31:00,CRUDEOILM,PE,9900.0,CRUDEOILM15OCT269900PE,1379.35,1379.35,1379.35,1379.35,0,14
2026-09-30 15:31:00,CRUDEOILM,CE,9950.0,CRUDEOILM15OCT269950CE,89.0,89.0,89.0,89.0,0,14
2026-09-30 15:31:00,CRUDEOILM,PE,9950.0,CRUDEOILM15OCT269950PE,1289.35,1289.35,1289.35,1289.35,0,14
