timestamp_minute,asset,instrument_type,strike,trading_symbol,open,high,low,close,volume,tick_count
2026-09-17 12:59:00,NIFTY,FUT,0.0,NIFTY26SEPFUT,23385.0,23385.0,23380.5,23380.5,325,21
2026-09-17 12:59:00,NIFTY,SPOT,0.0,Nifty 50,23338.8,23340.4,23338.4,23340.4,0,21
2026-09-17 12:59:00,NIFTY,CE,23050.0,NIFTY2692223050CE,345.2,345.2,344.6,344.75,260,21
2026-09-17 12:59:00,NIFTY,PE,23050.0,NIFTY2692223050PE,36.0,36.2,35.85,35.95,11570,21
2026-09-17 12:59:00,NIFTY,CE,23100.0,NIFTY2692223100CE,301.4,302.8,300.75,300.75,3770,21
2026-09-17 12:59:00,NIFTY,PE,23100.0,NIFTY2692223100PE,43.8,44.15,43.65,43.85,82550,21
2026-09-17 12:59:00,NIFTY,CE,23150.0,NIFTY2692223150CE,260.1,262.0,260.1,261.7,2080,21
2026-09-17 12:59:00,NIFTY,PE,23150.0,NIFTY2692223150PE,53.4,54.0,53.25,53.85,24245,21
2026-09-17 12:59:00,NIFTY,CE,23200.0,NIFTY2692223200CE,223.3,224.35,222.2,223.0,14885,21
2026-09-17 12:59:00,NIFTY,PE,23200.0,NIFTY2692223200PE,65.25,65.7,65.15,65.5,67080,21
2026-09-17 12:59:00,NIFTY,CE,23250.0,NIFTY2692223250CE,187.05,188.3,186.3,187.45,12285,21
2026-09-17 12:59:00,NIFTY,PE,23250.0,NIFTY2692223250PE,79.55,80.0,79.25,79.55,49465,21
2026-09-17 12:59:00,NIFTY,CE,23300.0,NIFTY2692223300CE,154.85,155.9,154.05,155.0,46540,21
2026-09-17 12:59:00,NIFTY,PE,23300.0,NIFTY2692223300PE,97.1,97.85,96.75,97.05,135980,21
2026-09-17 12:59:00,NIFTY,CE,23350.0,NIFTY2692223350CE,125.5,126.05,124.8,125.65,68445,21
2026-09-17 12:59:00,NIFTY,PE,23350.0,NIFTY2692223350PE,117.55,118.0,117.1,117.4,83005,21
2026-09-17 12:59:00,NIFTY,CE,23400.0,NIFTY2692223400CE,99.6,99.95,98.8,99.4,59085,21
2026-09-17 12:59:00,NIFTY,PE,23400.0,NIFTY2692223400PE,141.3,142.0,140.85,141.75,65520,21
2026-09-17 12:59:00,NIFTY,CE,23450.0,NIFTY2692223450CE,77.0,77.5,76.6,77.0,67275,21
2026-09-17 12:59:00,NIFTY,PE,23450.0,NIFTY2692223450PE,169.4,169.85,168.0,169.6,10595,21
2026-09-17 12:59:00,NIFTY,CE,23500.0,NIFTY2692223500CE,58.35,58.6,57.8,58.2,56355,21
2026-09-17 12:59:00,NIFTY,PE,23500.0,NIFTY2692223500PE,200.0,200.95,199.15,199.95,20735,21
2026-09-17 12:59:00,NIFTY,CE,23550.0,NIFTY2692223550CE,42.95,43.3,42.75,42.95,23855,21
2026-09-17 12:59:00,NIFTY,PE,23550.0,NIFTY2692223550PE,234.85,235.95,233.75,234.9,1690,21
2026-09-17 12:59:00,NIFTY,CE,23600.0,NIFTY2692223600CE,31.1,31.3,30.85,31.05,28405,21
2026-09-17 12:59:00,NIFTY,PE,23600.0,NIFTY2692223600PE,273.2,273.9,271.7,273.55,3185,21
2026-09-17 12:59:00,NIFTY,CE,23650.0,NIFTY2692223650CE,22.2,22.35,22.1,22.15,30160,21
2026-09-17 12:59:00,NIFTY,PE,23650.0,NIFTY2692223650PE,312.75,314.8,312.7,313.55,1560,21
2026-09-17 13:00:00,NIFTY,FUT,0.0,NIFTY26SEPFUT,23380.5,23385.0,23380.5,23384.0,910,21
2026-09-17 13:00:00,NIFTY,SPOT,0.0,Nifty 50,23341.85,23344.7,23339.7,23344.35,0,21
2026-09-17 13:00:00,NIFTY,CE,23050.0,NIFTY2692223050CE,345.2,347.0,342.45,347.0,780,21
2026-09-17 13:00:00,NIFTY,PE,23050.0,NIFTY2692223050PE,35.6,36.25,35.3,35.35,21840,21
2026-09-17 13:00:00,NIFTY,CE,23100.0,NIFTY2692223100CE,303.3,306.4,300.05,306.0,12935,21
2026-09-17 13:00:00,NIFTY,PE,23100.0,NIFTY2692223100PE,43.7,44.2,43.05,43.1,79755,21
2026-09-17 13:00:00,NIFTY,CE,23150.0,NIFTY2692223150CE,262.8,265.95,260.0,264.75,6370,21
2026-09-17 13:00:00,NIFTY,PE,23150.0,NIFTY2692223150PE,53.3,53.95,52.4,52.4,31850,21
2026-09-17 13:00:00,NIFTY,CE,23200.0,NIFTY2692223200CE,225.55,226.8,221.8,226.3,46735,21
2026-09-17 13:00:00,NIFTY,PE,23200.0,NIFTY2692223200PE,64.6,65.8,63.9,64.0,102765,21
2026-09-17 13:00:00,NIFTY,CE,23250.0,NIFTY2692223250CE,188.5,190.8,186.3,190.65,35295,21
2026-09-17 13:00:00,NIFTY,PE,23250.0,NIFTY2692223250PE,79.05,79.95,77.9,77.9,80145,21
2026-09-17 13:00:00,NIFTY,CE,23300.0,NIFTY2692223300CE,156.8,157.85,153.5,157.65,136825,21
2026-09-17 13:00:00,NIFTY,PE,23300.0,NIFTY2692223300PE,96.05,97.8,95.1,95.1,185510,21
2026-09-17 13:00:00,NIFTY,CE,23350.0,NIFTY2692223350CE,127.2,128.05,124.6,128.0,147875,21
2026-09-17 13:00:00,NIFTY,PE,23350.0,NIFTY2692223350PE,116.3,118.25,115.05,115.05,166530,21
2026-09-17 13:00:00,NIFTY,CE,23400.0,NIFTY2692223400CE,100.85,101.85,98.6,101.65,149890,21
2026-09-17 13:00:00,NIFTY,PE,23400.0,NIFTY2692223400PE,140.0,142.25,138.55,138.55,88790,21
2026-09-17 13:00:00,NIFTY,CE,23450.0,NIFTY2692223450CE,77.7,78.95,76.3,78.9,70330,21
2026-09-17 13:00:00,NIFTY,PE,23450.0,NIFTY2692223450PE,167.55,169.95,165.4,166.1,18590,21
2026-09-17 13:00:00,NIFTY,CE,23500.0,NIFTY2692223500CE,58.55,59.65,57.6,59.65,109200,21
2026-09-17 13:00:00,NIFTY,PE,23500.0,NIFTY2692223500PE,199.3,200.95,196.4,197.0,25805,21
2026-09-17 13:00:00,NIFTY,CE,23550.0,NIFTY2692223550CE,43.25,44.25,42.5,44.2,52585,21
2026-09-17 13:00:00,NIFTY,PE,23550.0,NIFTY2692223550PE,233.1,235.0,230.4,230.8,6305,21
2026-09-17 13:00:00,NIFTY,CE,23600.0,NIFTY2692223600CE,31.35,31.9,30.7,31.8,73320,21
2026-09-17 13:00:00,NIFTY,PE,23600.0,NIFTY2692223600PE,271.2,274.0,269.0,269.15,8905,21
2026-09-17 13:00:00,NIFTY,CE,23650.0,NIFTY2692223650CE,22.6,22.85,21.95,22.85,46085,21
2026-09-17 13:00:00,NIFTY,PE,23650.0,NIFTY2692223650PE,311.85,314.5,310.85,310.85,325,21
2026-09-17 13:01:00,NIFTY,FUT,0.0,NIFTY26SEPFUT,23389.0,23389.0,23382.9,23382.9,1105,22
2026-09-17 13:01:00,NIFTY,SPOT,0.0,Nifty 50,23344.2,23346.3,23337.75,23338.75,0,22
2026-09-17 13:01:00,NIFTY,CE,23050.0,NIFTY2692223050CE,347.0,348.0,339.15,339.15,2210,22
2026-09-17 13:01:00,NIFTY,PE,23050.0,NIFTY2692223050PE,35.05,36.6,35.05,36.6,33085,22
2026-09-17 13:01:00,NIFTY,CE,23100.0,NIFTY2692223100CE,306.4,306.4,296.9,296.9,21190,22
2026-09-17 13:01:00,NIFTY,PE,23100.0,NIFTY2692223100PE,42.8,44.7,42.8,44.7,91585,22
2026-09-17 13:01:00,NIFTY,CE,23150.0,NIFTY2692223150CE,265.65,265.65,256.9,256.9,8255,22
2026-09-17 13:01:00,NIFTY,PE,23150.0,NIFTY2692223150PE,52.1,54.5,52.1,54.4,43745,22
2026-09-17 13:01:00,NIFTY,CE,23200.0,NIFTY2692223200CE,227.1,227.1,218.9,219.2,58630,22
2026-09-17 13:01:00,NIFTY,PE,23200.0,NIFTY2692223200PE,63.55,66.5,63.55,66.4,123500,22
2026-09-17 13:01:00,NIFTY,CE,23250.0,NIFTY2692223250CE,191.1,191.1,183.2,183.7,88335,22
2026-09-17 13:01:00,NIFTY,PE,23250.0,NIFTY2692223250PE,77.6,81.05,77.6,81.05,112775,22
2026-09-17 13:01:00,NIFTY,CE,23300.0,NIFTY2692223300CE,158.3,158.35,151.1,151.1,255515,22
2026-09-17 13:01:00,NIFTY,PE,23300.0,NIFTY2692223300PE,94.55,98.9,94.55,98.9,290940,22
2026-09-17 13:01:00,NIFTY,CE,23350.0,NIFTY2692223350CE,128.85,128.85,122.15,122.15,190515,22
2026-09-17 13:01:00,NIFTY,PE,23350.0,NIFTY2692223350PE,114.75,119.35,114.75,119.2,169455,22
2026-09-17 13:01:00,NIFTY,CE,23400.0,NIFTY2692223400CE,102.0,102.0,96.35,96.55,200330,22
2026-09-17 13:01:00,NIFTY,PE,23400.0,NIFTY2692223400PE,138.0,143.85,138.0,143.85,147095,22
2026-09-17 13:01:00,NIFTY,CE,23450.0,NIFTY2692223450CE,79.1,79.1,74.3,74.3,136565,22
2026-09-17 13:01:00,NIFTY,PE,23450.0,NIFTY2692223450PE,165.0,171.65,165.0,171.65,24960,22
2026-09-17 13:01:00,NIFTY,CE,23500.0,NIFTY2692223500CE,59.95,59.95,55.9,56.0,184015,22
2026-09-17 13:01:00,NIFTY,PE,23500.0,NIFTY2692223500PE,196.0,203.15,196.0,203.15,50115,22
2026-09-17 13:01:00,NIFTY,CE,23550.0,NIFTY2692223550CE,44.4,44.4,41.15,41.3,98670,22
2026-09-17 13:01:00,NIFTY,PE,23550.0,NIFTY2692223550PE,229.85,238.3,229.85,238.0,11180,22
2026-09-17 13:01:00,NIFTY,CE,23600.0,NIFTY2692223600CE,31.95,31.95,29.55,29.55,113295,22
2026-09-17 13:01:00,NIFTY,PE,23600.0,NIFTY2692223600PE,269.15,276.65,268.7,276.65,6240,22
2026-09-17 13:01:00,NIFTY,CE,23650.0,NIFTY2692223650CE,23.05,23.05,21.05,21.05,79950,22
2026-09-17 13:01:00,NIFTY,PE,23650.0,NIFTY2692223650PE,310.85,316.65,309.6,316.65,1560,22
2026-09-17 13:02:00,NIFTY,FUT,0.0,NIFTY26SEPFUT,23382.9,23382.9,23376.6,23380.0,3315,21
2026-09-17 13:02:00,NIFTY,SPOT,0.0,Nifty 50,23337.75,23338.4,23333.35,23338.4,0,21
2026-09-17 13:02:00,NIFTY,CE,23050.0,NIFTY2692223050CE,339.15,340.5,334.4,340.5,4615,21
2026-09-17 13:02:00,NIFTY,PE,23050.0,NIFTY2692223050PE,36.7,37.25,36.2,36.35,68965,21
2026-09-17 13:02:00,NIFTY,CE,23100.0,NIFTY2692223100CE,298.1,299.35,293.05,299.35,26130,21
2026-09-17 13:02:00,NIFTY,PE,23100.0,NIFTY2692223100PE,44.65,45.4,44.25,44.35,147485,21
2026-09-17 13:02:00,NIFTY,CE,23150.0,NIFTY2692223150CE,256.9,259.5,253.65,259.45,23010,21
2026-09-17 13:02:00,NIFTY,PE,23150.0,NIFTY2692223150PE,54.25,55.45,53.85,54.1,103480,21
2026-09-17 13:02:00,NIFTY,CE,23200.0,NIFTY2692223200CE,219.2,220.7,215.4,220.7,89440,21
2026-09-17 13:02:00,NIFTY,PE,23200.0,NIFTY2692223200PE,66.4,67.6,65.85,65.95,275080,21
2026-09-17 13:02:00,NIFTY,CE,23250.0,NIFTY2692223250CE,183.9,185.55,180.15,184.7,88855,21
2026-09-17 13:02:00,NIFTY,PE,23250.0,NIFTY2692223250PE,80.65,82.35,80.15,80.3,212745,21
2026-09-17 13:02:00,NIFTY,CE,23300.0,NIFTY2692223300CE,151.65,152.9,148.3,152.9,300040,21
2026-09-17 13:02:00,NIFTY,PE,23300.0,NIFTY2692223300PE,98.7,100.2,97.8,97.8,532220,21
2026-09-17 13:02:00,NIFTY,CE,23350.0,NIFTY2692223350CE,122.25,123.8,119.8,123.5,264810,21
2026-09-17 13:02:00,NIFTY,PE,23350.0,NIFTY2692223350PE,119.25,121.4,118.4,118.65,354575,21
2026-09-17 13:02:00,NIFTY,CE,23400.0,NIFTY2692223400CE,96.8,97.55,94.0,97.5,367510,21
2026-09-17 13:02:00,NIFTY,PE,23400.0,NIFTY2692223400PE,143.15,145.75,141.95,142.35,252395,21
2026-09-17 13:02:00,NIFTY,CE,23450.0,NIFTY2692223450CE,74.55,75.35,72.4,75.05,135330,21
2026-09-17 13:02:00,NIFTY,PE,23450.0,NIFTY2692223450PE,171.2,174.0,170.25,170.6,57980,21
2026-09-17 13:02:00,NIFTY,CE,23500.0,NIFTY2692223500CE,56.2,56.9,54.5,56.85,214110,21
2026-09-17 13:02:00,NIFTY,PE,23500.0,NIFTY2692223500PE,202.6,205.85,201.4,201.9,86840,21
2026-09-17 13:02:00,NIFTY,CE,23550.0,NIFTY2692223550CE,41.35,41.95,40.0,41.95,113490,21
2026-09-17 13:02:00,NIFTY,PE,23550.0,NIFTY2692223550PE,237.75,241.5,236.2,236.2,14235,21
2026-09-17 13:02:00,NIFTY,CE,23600.0,NIFTY2692223600CE,29.85,30.05,28.7,30.05,188630,21
2026-09-17 13:02:00,NIFTY,PE,23600.0,NIFTY2692223600PE,276.3,280.35,274.95,274.95,16965,21
2026-09-17 13:02:00,NIFTY,CE,23650.0,NIFTY2692223650CE,21.35,21.55,20.55,21.5,60905,21
2026-09-17 13:02:00,NIFTY,PE,23650.0,NIFTY2692223650PE,316.65,322.6,316.65,317.95,5980,21
2026-09-17 13:03:00,NIFTY,FUT,0.0,NIFTY26SEPFUT,23380.0,23383.8,23376.6,23376.7,1040,22
2026-09-17 13:03:00,NIFTY,SPOT,0.0,Nifty 50,23338.55,23339.3,23334.4,23334.4,0,22
2026-09-17 13:03:00,NIFTY,CE,23050.0,NIFTY2692223050CE,340.5,341.5,337.1,337.1,1365,22
2026-09-17 13:03:00,NIFTY,PE,23050.0,NIFTY2692223050PE,36.35,36.9,36.0,36.9,20475,22
2026-09-17 13:03:00,NIFTY,CE,23100.0,NIFTY2692223100CE,298.3,299.4,295.9,295.9,4680,22
2026-09-17 13:03:00,NIFTY,PE,23100.0,NIFTY2692223100PE,44.4,44.85,43.95,44.75,41470,22
2026-09-17 13:03:00,NIFTY,CE,23150.0,NIFTY2692223150CE,258.15,259.1,256.5,256.5,4355,22
2026-09-17 13:03:00,NIFTY,PE,23150.0,NIFTY2692223150PE,54.2,54.75,53.7,54.7,31915,22
2026-09-17 13:03:00,NIFTY,CE,23200.0,NIFTY2692223200CE,219.6,221.0,218.0,218.0,30420,22
2026-09-17 13:03:00,NIFTY,PE,23200.0,NIFTY2692223200PE,66.05,66.8,65.4,66.8,133250,22
2026-09-17 13:03:00,NIFTY,CE,23250.0,NIFTY2692223250CE,184.15,185.1,181.95,181.95,39650,22
2026-09-17 13:03:00,NIFTY,PE,23250.0,NIFTY2692223250PE,80.9,81.35,79.65,81.35,108095,22
2026-09-17 13:03:00,NIFTY,CE,23300.0,NIFTY2692223300CE,152.3,153.35,150.15,150.15,98085,22
2026-09-17 13:03:00,NIFTY,PE,23300.0,NIFTY2692223300PE,98.3,99.1,97.4,99.1,228345,22
2026-09-17 13:03:00,NIFTY,CE,23350.0,NIFTY2692223350CE,123.0,123.95,121.25,121.25,117195,22
2026-09-17 13:03:00,NIFTY,PE,23350.0,NIFTY2692223350PE,119.0,120.0,117.55,119.75,133315,22
2026-09-17 13:03:00,NIFTY,CE,23400.0,NIFTY2692223400CE,96.9,97.7,95.4,95.4,137085,22
2026-09-17 13:03:00,NIFTY,PE,23400.0,NIFTY2692223400PE,143.1,144.45,141.85,144.45,87360,22
2026-09-17 13:03:00,NIFTY,CE,23450.0,NIFTY2692223450CE,74.6,75.5,73.5,73.5,61750,22
2026-09-17 13:03:00,NIFTY,PE,23450.0,NIFTY2692223450PE,171.4,172.75,169.25,172.75,15535,22
2026-09-17 13:03:00,NIFTY,CE,23500.0,NIFTY2692223500CE,56.4,57.0,55.3,55.3,89830,22
2026-09-17 13:03:00,NIFTY,PE,23500.0,NIFTY2692223500PE,202.35,204.0,200.45,203.6,31460,22
2026-09-17 13:03:00,NIFTY,CE,23550.0,NIFTY2692223550CE,41.6,42.0,40.7,40.7,39910,22
2026-09-17 13:03:00,NIFTY,PE,23550.0,NIFTY2692223550PE,237.15,238.75,236.2,238.75,5395,22
2026-09-17 13:03:00,NIFTY,CE,23600.0,NIFTY2692223600CE,29.85,30.25,29.3,29.3,71500,22
2026-09-17 13:03:00,NIFTY,PE,23600.0,NIFTY2692223600PE,275.4,277.75,274.0,277.75,10920,22
2026-09-17 13:03:00,NIFTY,CE,23650.0,NIFTY2692223650CE,21.4,21.6,20.85,20.9,48425,22
2026-09-17 13:03:00,NIFTY,PE,23650.0,NIFTY2692223650PE,317.95,317.95,316.8,317.85,325,22
2026-09-17 13:04:00,NIFTY,FUT,0.0,NIFTY26SEPFUT,23376.7,23384.2,23373.9,23373.9,2665,22
2026-09-17 13:04:00,NIFTY,SPOT,0.0,Nifty 50,23334.8,23334.95,23326.75,23326.75,0,22
2026-09-17 13:04:00,NIFTY,CE,23050.0,NIFTY2692223050CE,338.0,338.0,333.0,333.2,975,22
2026-09-17 13:04:00,NIFTY,PE,23050.0,NIFTY2692223050PE,36.5,37.7,36.35,37.35,59540,22
2026-09-17 13:04:00,NIFTY,CE,23100.0,NIFTY2692223100CE,296.0,297.45,290.3,291.95,77285,22
2026-09-17 13:04:00,NIFTY,PE,23100.0,NIFTY2692223100PE,44.6,45.85,44.4,45.4,172640,22
2026-09-17 13:04:00,NIFTY,CE,23150.0,NIFTY2692223150CE,256.3,256.3,250.95,252.2,12155,22
2026-09-17 13:04:00,NIFTY,PE,23150.0,NIFTY2692223150PE,54.4,56.1,54.15,55.45,93730,22
2026-09-17 13:04:00,NIFTY,CE,23200.0,NIFTY2692223200CE,217.0,219.3,212.6,213.7,103220,22
2026-09-17 13:04:00,NIFTY,PE,23200.0,NIFTY2692223200PE,66.6,68.25,66.2,67.65,320970,22
2026-09-17 13:04:00,NIFTY,CE,23250.0,NIFTY2692223250CE,182.7,183.5,178.0,179.0,85280,22
2026-09-17 13:04:00,NIFTY,PE,23250.0,NIFTY2692223250PE,81.05,83.3,80.7,82.35,257205,22
2026-09-17 13:04:00,NIFTY,CE,23300.0,NIFTY2692223300CE,150.35,151.4,146.15,146.95,304460,22
2026-09-17 13:04:00,NIFTY,PE,23300.0,NIFTY2692223300PE,99.05,101.5,98.65,100.85,644410,22
2026-09-17 13:04:00,NIFTY,CE,23350.0,NIFTY2692223350CE,121.1,122.4,117.55,118.4,282945,22
2026-09-17 13:04:00,NIFTY,PE,23350.0,NIFTY2692223350PE,119.75,122.6,119.0,122.0,448630,22
2026-09-17 13:04:00,NIFTY,CE,23400.0,NIFTY2692223400CE,96.2,96.35,92.15,92.95,336895,22
2026-09-17 13:04:00,NIFTY,PE,23400.0,NIFTY2692223400PE,143.5,147.45,143.5,146.45,305500,22
2026-09-17 13:04:00,NIFTY,CE,23450.0,NIFTY2692223450CE,74.05,74.4,70.8,71.4,169520,22
2026-09-17 13:04:00,NIFTY,PE,23450.0,NIFTY2692223450PE,171.9,176.2,170.8,175.3,98995,22
2026-09-17 13:04:00,NIFTY,CE,23500.0,NIFTY2692223500CE,55.85,55.85,53.2,53.6,258440,22
2026-09-17 13:04:00,NIFTY,PE,23500.0,NIFTY2692223500PE,203.5,207.95,202.5,206.8,146835,22
2026-09-17 13:04:00,NIFTY,CE,23550.0,NIFTY2692223550CE,40.75,41.2,39.0,39.35,97565,22
2026-09-17 13:04:00,NIFTY,PE,23550.0,NIFTY2692223550PE,240.0,244.05,238.1,242.7,8580,22
2026-09-17 13:04:00,NIFTY,CE,23600.0,NIFTY2692223600CE,29.4,29.5,27.9,28.1,154180,22
2026-09-17 13:04:00,NIFTY,PE,23600.0,NIFTY2692223600PE,278.3,282.7,276.15,281.75,9425,22
2026-09-17 13:04:00,NIFTY,CE,23650.0,NIFTY2692223650CE,20.9,21.2,19.9,20.0,82745,22
2026-09-17 13:04:00,NIFTY,PE,23650.0,NIFTY2692223650PE,317.85,324.9,317.85,323.9,1560,22
2026-09-17 13:05:00,NIFTY,FUT,0.0,NIFTY26SEPFUT,23373.4,23379.9,23371.0,23379.7,1300,22
2026-09-17 13:05:00,NIFTY,SPOT,0.0,Nifty 50,23328.05,23330.25,23327.5,23329.55,0,22
2026-09-17 13:05:00,NIFTY,CE,23050.0,NIFTY2692223050CE,333.2,335.0,333.2,333.6,1625,22
2026-09-17 13:05:00,NIFTY,PE,23050.0,NIFTY2692223050PE,37.25,37.5,36.8,37.2,54925,22
2026-09-17 13:05:00,NIFTY,CE,23100.0,NIFTY2692223100CE,290.7,293.15,290.6,291.7,11895,22
2026-09-17 13:05:00,NIFTY,PE,23100.0,NIFTY2692223100PE,45.55,45.7,45.0,45.4,202020,22
2026-09-17 13:05:00,NIFTY,CE,23150.0,NIFTY2692223150CE,250.95,253.7,250.4,252.85,6565,22
2026-09-17 13:05:00,NIFTY,PE,23150.0,NIFTY2692223150PE,55.7,55.8,55.0,55.3,67990,22
2026-09-17 13:05:00,NIFTY,CE,23200.0,NIFTY2692223200CE,213.55,215.4,213.0,214.3,57395,22
2026-09-17 13:05:00,NIFTY,PE,23200.0,NIFTY2692223200PE,67.9,68.0,67.05,67.65,187330,22
2026-09-17 13:05:00,NIFTY,CE,23250.0,NIFTY2692223250CE,178.1,180.1,178.0,178.85,48035,22
2026-09-17 13:05:00,NIFTY,PE,23250.0,NIFTY2692223250PE,82.75,82.95,81.45,82.45,158990,22
2026-09-17 13:05:00,NIFTY,CE,23300.0,NIFTY2692223300CE,146.45,148.55,146.45,146.7,170300,22
2026-09-17 13:05:00,NIFTY,PE,23300.0,NIFTY2692223300PE,100.8,101.15,99.9,100.7,451620,22
2026-09-17 13:05:00,NIFTY,CE,23350.0,NIFTY2692223350CE,118.0,119.25,117.75,117.8,182325,22
2026-09-17 13:05:00,NIFTY,PE,23350.0,NIFTY2692223350PE,122.1,122.25,120.65,121.85,282555,22
2026-09-17 13:05:00,NIFTY,CE,23400.0,NIFTY2692223400CE,92.75,93.8,92.25,93.05,171080,22
2026-09-17 13:05:00,NIFTY,PE,23400.0,NIFTY2692223400PE,146.85,147.0,145.25,146.5,160615,22
2026-09-17 13:05:00,NIFTY,CE,23450.0,NIFTY2692223450CE,71.05,72.2,70.95,71.35,78390,22
2026-09-17 13:05:00,NIFTY,PE,23450.0,NIFTY2692223450PE,175.65,175.7,173.85,174.9,34125,22
2026-09-17 13:05:00,NIFTY,CE,23500.0,NIFTY2692223500CE,53.35,54.35,53.05,53.65,145600,22
2026-09-17 13:05:00,NIFTY,PE,23500.0,NIFTY2692223500PE,207.45,207.6,205.45,206.7,48425,22
2026-09-17 13:05:00,NIFTY,CE,23550.0,NIFTY2692223550CE,39.05,39.8,39.0,39.2,64935,22
2026-09-17 13:05:00,NIFTY,PE,23550.0,NIFTY2692223550PE,242.7,243.4,240.25,242.25,7150,22
2026-09-17 13:05:00,NIFTY,CE,23600.0,NIFTY2692223600CE,28.0,28.6,27.95,28.05,103090,22
2026-09-17 13:05:00,NIFTY,PE,23600.0,NIFTY2692223600PE,282.0,282.0,279.75,281.2,5460,22
2026-09-17 13:05:00,NIFTY,CE,23650.0,NIFTY2692223650CE,19.9,20.3,19.9,20.0,94965,22
2026-09-17 13:05:00,NIFTY,PE,23650.0,NIFTY2692223650PE,323.9,324.1,321.0,322.6,3185,22
2026-09-17 13:06:00,NIFTY,FUT,0.0,NIFTY26SEPFUT,23379.7,23379.7,23372.7,23374.7,520,22
2026-09-17 13:06:00,NIFTY,SPOT,0.0,Nifty 50,23329.9,23330.95,23324.9,23325.7,0,22
2026-09-17 13:06:00,NIFTY,CE,23050.0,NIFTY2692223050CE,333.6,335.0,330.0,332.0,780,22
2026-09-17 13:06:00,NIFTY,PE,23050.0,NIFTY2692223050PE,37.15,37.75,36.85,37.5,69160,22
2026-09-17 13:06:00,NIFTY,CE,23100.0,NIFTY2692223100CE,291.95,293.55,288.65,289.55,18590,22
2026-09-17 13:06:00,NIFTY,PE,23100.0,NIFTY2692223100PE,45.25,46.0,44.95,45.75,151515,22
2026-09-17 13:06:00,NIFTY,CE,23150.0,NIFTY2692223150CE,252.1,253.6,248.6,250.75,16770,22
2026-09-17 13:06:00,NIFTY,PE,23150.0,NIFTY2692223150PE,55.35,56.15,55.05,55.95,84175,22
2026-09-17 13:06:00,NIFTY,CE,23200.0,NIFTY2692223200CE,214.8,215.55,211.1,212.85,63765,22
2026-09-17 13:06:00,NIFTY,PE,23200.0,NIFTY2692223200PE,67.5,68.5,67.0,68.2,261170,22
2026-09-17 13:06:00,NIFTY,CE,23250.0,NIFTY2692223250CE,179.4,179.75,176.05,177.7,66560,22
2026-09-17 13:06:00,NIFTY,PE,23250.0,NIFTY2692223250PE,82.05,83.55,81.65,83.15,152945,22
2026-09-17 13:06:00,NIFTY,CE,23300.0,NIFTY2692223300CE,147.25,148.1,144.65,145.75,297310,22
2026-09-17 13:06:00,NIFTY,PE,23300.0,NIFTY2692223300PE,100.45,102.0,99.8,101.6,594360,22
2026-09-17 13:06:00,NIFTY,CE,23350.0,NIFTY2692223350CE,118.8,119.75,116.05,117.55,314925,22
2026-09-17 13:06:00,NIFTY,PE,23350.0,NIFTY2692223350PE,121.5,123.55,120.65,122.65,360230,22
2026-09-17 13:06:00,NIFTY,CE,23400.0,NIFTY2692223400CE,93.05,94.25,91.1,92.0,253110,22
2026-09-17 13:06:00,NIFTY,PE,23400.0,NIFTY2692223400PE,145.8,148.7,145.2,147.7,220090,22
2026-09-17 13:06:00,NIFTY,CE,23450.0,NIFTY2692223450CE,71.5,72.2,69.75,70.75,142415,22
2026-09-17 13:06:00,NIFTY,PE,23450.0,NIFTY2692223450PE,174.5,177.35,173.4,175.95,46020,22
2026-09-17 13:06:00,NIFTY,CE,23500.0,NIFTY2692223500CE,53.7,54.15,52.3,53.1,168870,22
2026-09-17 13:06:00,NIFTY,PE,23500.0,NIFTY2692223500PE,206.45,209.0,205.1,207.85,78065,22
2026-09-17 13:06:00,NIFTY,CE,23550.0,NIFTY2692223550CE,39.5,39.95,38.2,38.85,91195,22
2026-09-17 13:06:00,NIFTY,PE,23550.0,NIFTY2692223550PE,242.25,245.0,240.85,243.9,7605,22
2026-09-17 13:06:00,NIFTY,CE,23600.0,NIFTY2692223600CE,28.2,28.5,27.35,27.9,118300,22
2026-09-17 13:06:00,NIFTY,PE,23600.0,NIFTY2692223600PE,281.2,284.0,279.4,283.15,12480,22
2026-09-17 13:06:00,NIFTY,CE,23650.0,NIFTY2692223650CE,20.1,20.35,19.5,19.8,62400,22
2026-09-17 13:06:00,NIFTY,PE,23650.0,NIFTY2692223650PE,322.6,325.55,322.6,324.15,1235,22
2026-09-17 13:07:00,NIFTY,FUT,0.0,NIFTY26SEPFUT,23374.7,23377.4,23370.1,23370.1,1755,22
2026-09-17 13:07:00,NIFTY,SPOT,0.0,Nifty 50,23325.9,23325.9,23320.65,23320.9,0,22
2026-09-17 13:07:00,NIFTY,CE,23050.0,NIFTY2692223050CE,332.0,332.2,327.3,331.4,2600,22
2026-09-17 13:07:00,NIFTY,PE,23050.0,NIFTY2692223050PE,37.35,38.0,37.2,37.55,48555,22
2026-09-17 13:07:00,NIFTY,CE,23100.0,NIFTY2692223100CE,290.2,290.2,286.45,288.45,26130,22
2026-09-17 13:07:00,NIFTY,PE,23100.0,NIFTY2692223100PE,45.8,46.35,45.6,45.85,127595,22
2026-09-17 13:07:00,NIFTY,CE,23150.0,NIFTY2692223150CE,250.3,250.75,246.85,248.6,12025,22
2026-09-17 13:07:00,NIFTY,PE,23150.0,NIFTY2692223150PE,55.85,56.65,55.6,56.0,85020,22
2026-09-17 13:07:00,NIFTY,CE,23200.0,NIFTY2692223200CE,212.25,213.05,209.4,211.75,74295,22
2026-09-17 13:07:00,NIFTY,PE,23200.0,NIFTY2692223200PE,68.05,68.95,67.75,68.25,291460,22
2026-09-17 13:07:00,NIFTY,CE,23250.0,NIFTY2692223250CE,177.1,177.1,174.45,176.05,111995,22
2026-09-17 13:07:00,NIFTY,PE,23250.0,NIFTY2692223250PE,83.3,84.05,82.9,83.25,170365,22
2026-09-17 13:07:00,NIFTY,CE,23300.0,NIFTY2692223300CE,145.7,145.8,143.25,144.75,204360,22
2026-09-17 13:07:00,NIFTY,PE,23300.0,NIFTY2692223300PE,101.35,102.65,101.15,101.4,508430,22
2026-09-17 13:07:00,NIFTY,CE,23350.0,NIFTY2692223350CE,117.15,117.15,115.05,116.2,200265,22
2026-09-17 13:07:00,NIFTY,PE,23350.0,NIFTY2692223350PE,122.5,124.05,122.0,122.8,333125,22
2026-09-17 13:07:00,NIFTY,CE,23400.0,NIFTY2692223400CE,92.2,92.2,90.0,91.05,206830,22
2026-09-17 13:07:00,NIFTY,PE,23400.0,NIFTY2692223400PE,147.65,149.6,147.0,147.7,211380,22
2026-09-17 13:07:00,NIFTY,CE,23450.0,NIFTY2692223450CE,70.6,70.6,69.15,69.85,87230,22
2026-09-17 13:07:00,NIFTY,PE,23450.0,NIFTY2692223450PE,176.5,178.25,175.55,176.35,57980,22
2026-09-17 13:07:00,NIFTY,CE,23500.0,NIFTY2692223500CE,52.9,52.9,51.6,52.35,190385,22
2026-09-17 13:07:00,NIFTY,PE,23500.0,NIFTY2692223500PE,208.65,210.1,207.8,208.55,93080,22
2026-09-17 13:07:00,NIFTY,CE,23550.0,NIFTY2692223550CE,38.7,38.7,37.7,38.1,90220,22
2026-09-17 13:07:00,NIFTY,PE,23550.0,NIFTY2692223550PE,243.9,246.0,243.6,244.1,11700,22
2026-09-17 13:07:00,NIFTY,CE,23600.0,NIFTY2692223600CE,27.7,27.7,26.9,27.15,125125,22
2026-09-17 13:07:00,NIFTY,PE,23600.0,NIFTY2692223600PE,282.55,285.9,282.55,282.75,15210,22
2026-09-17 13:07:00,NIFTY,CE,23650.0,NIFTY2692223650CE,19.8,19.8,19.1,19.1,360425,22
2026-09-17 13:07:00,NIFTY,PE,23650.0,NIFTY2692223650PE,324.15,327.85,324.15,325.55,1235,22
2026-09-17 13:08:00,NIFTY,FUT,0.0,NIFTY26SEPFUT,23370.1,23374.7,23370.0,23374.7,910,22
2026-09-17 13:08:00,NIFTY,SPOT,0.0,Nifty 50,23321.1,23324.6,23320.3,23324.6,0,22
2026-09-17 13:08:00,NIFTY,CE,23050.0,NIFTY2692223050CE,330.35,332.0,329.05,330.75,585,22
2026-09-17 13:08:00,NIFTY,PE,23050.0,NIFTY2692223050PE,37.35,37.5,36.85,37.0,56355,22
2026-09-17 13:08:00,NIFTY,CE,23100.0,NIFTY2692223100CE,288.8,290.85,287.8,290.85,23595,22
2026-09-17 13:08:00,NIFTY,PE,23100.0,NIFTY2692223100PE,45.7,45.8,45.0,45.0,416910,22
2026-09-17 13:08:00,NIFTY,CE,23150.0,NIFTY2692223150CE,249.85,251.4,248.0,250.75,9620,22
2026-09-17 13:08:00,NIFTY,PE,23150.0,NIFTY2692223150PE,55.85,56.1,54.95,55.2,78585,22
2026-09-17 13:08:00,NIFTY,CE,23200.0,NIFTY2692223200CE,211.45,213.0,209.95,213.0,57330,22
2026-09-17 13:08:00,NIFTY,PE,23200.0,NIFTY2692223200PE,68.05,68.3,67.15,67.4,167440,22
2026-09-17 13:08:00,NIFTY,CE,23250.0,NIFTY2692223250CE,176.35,177.9,175.0,177.9,61945,22
2026-09-17 13:08:00,NIFTY,PE,23250.0,NIFTY2692223250PE,83.3,83.45,81.95,82.05,201240,22
2026-09-17 13:08:00,NIFTY,CE,23300.0,NIFTY2692223300CE,144.55,145.9,144.2,145.9,167505,22
2026-09-17 13:08:00,NIFTY,PE,23300.0,NIFTY2692223300PE,101.6,101.85,100.15,100.2,446290,22
2026-09-17 13:08:00,NIFTY,CE,23350.0,NIFTY2692223350CE,116.05,117.6,115.4,117.6,159120,22
2026-09-17 13:08:00,NIFTY,PE,23350.0,NIFTY2692223350PE,122.85,123.15,121.3,121.55,214370,22
2026-09-17 13:08:00,NIFTY,CE,23400.0,NIFTY2692223400CE,90.9,92.15,90.4,92.15,208585,22
2026-09-17 13:08:00,NIFTY,PE,23400.0,NIFTY2692223400PE,147.85,148.35,146.15,146.4,155480,22
2026-09-17 13:08:00,NIFTY,CE,23450.0,NIFTY2692223450CE,69.5,70.8,69.0,70.8,71110,22
2026-09-17 13:08:00,NIFTY,PE,23450.0,NIFTY2692223450PE,176.7,177.25,174.6,174.85,26260,22
2026-09-17 13:08:00,NIFTY,CE,23500.0,NIFTY2692223500CE,52.0,53.35,51.7,53.35,176085,22
2026-09-17 13:08:00,NIFTY,PE,23500.0,NIFTY2692223500PE,208.85,209.45,206.4,206.75,58825,22
2026-09-17 13:08:00,NIFTY,CE,23550.0,NIFTY2692223550CE,38.1,38.8,37.7,38.8,54535,22
2026-09-17 13:08:00,NIFTY,PE,23550.0,NIFTY2692223550PE,244.05,245.0,242.0,243.15,3510,22
2026-09-17 13:08:00,NIFTY,CE,23600.0,NIFTY2692223600CE,27.15,27.6,26.8,27.6,103415,22
2026-09-17 13:08:00,NIFTY,PE,23600.0,NIFTY2692223600PE,283.2,283.8,281.05,281.3,2340,22
2026-09-17 13:08:00,NIFTY,CE,23650.0,NIFTY2692223650CE,19.15,19.5,18.95,19.5,48100,22
2026-09-17 13:08:00,NIFTY,PE,23650.0,NIFTY2692223650PE,325.55,325.55,322.7,325.45,1430,22
2026-09-17 13:09:00,NIFTY,FUT,0.0,NIFTY26SEPFUT,23374.7,23375.0,23370.0,23371.5,1430,22
2026-09-17 13:09:00,NIFTY,SPOT,0.0,Nifty 50,23323.7,23327.0,23322.95,23326.75,0,22
2026-09-17 13:09:00,NIFTY,CE,23050.0,NIFTY2692223050CE,333.15,336.05,330.45,335.0,3120,22
2026-09-17 13:09:00,NIFTY,PE,23050.0,NIFTY2692223050PE,36.95,37.25,36.05,36.55,81120,22
2026-09-17 13:09:00,NIFTY,CE,23100.0,NIFTY2692223100CE,290.85,295.6,288.9,292.8,29835,22
2026-09-17 13:09:00,NIFTY,PE,23100.0,NIFTY2692223100PE,45.05,45.35,44.0,44.65,164970,22
2026-09-17 13:09:00,NIFTY,CE,23150.0,NIFTY2692223150CE,251.2,255.0,249.55,253.1,14755,22
2026-09-17 13:09:00,NIFTY,PE,23150.0,NIFTY2692223150PE,55.05,55.35,53.75,54.55,141375,22
2026-09-17 13:09:00,NIFTY,CE,23200.0,NIFTY2692223200CE,213.25,215.85,211.7,214.95,86775,22
2026-09-17 13:09:00,NIFTY,PE,23200.0,NIFTY2692223200PE,67.3,67.65,66.0,66.4,243555,22
2026-09-17 13:09:00,NIFTY,CE,23250.0,NIFTY2692223250CE,177.7,181.65,176.25,179.25,123890,22
2026-09-17 13:09:00,NIFTY,PE,23250.0,NIFTY2692223250PE,81.8,82.55,80.1,81.2,253955,22
2026-09-17 13:09:00,NIFTY,CE,23300.0,NIFTY2692223300CE,146.35,148.9,145.0,147.4,223080,22
2026-09-17 13:09:00,NIFTY,PE,23300.0,NIFTY2692223300PE,100.4,101.15,98.5,99.1,433485,22
2026-09-17 13:09:00,NIFTY,CE,23350.0,NIFTY2692223350CE,117.4,119.4,116.3,118.75,231140,22
2026-09-17 13:09:00,NIFTY,PE,23350.0,NIFTY2692223350PE,121.5,122.4,119.35,119.95,299260,22
2026-09-17 13:09:00,NIFTY,CE,23400.0,NIFTY2692223400CE,92.2,94.65,91.15,93.15,287105,22
2026-09-17 13:09:00,NIFTY,PE,23400.0,NIFTY2692223400PE,146.3,147.05,143.5,144.5,192660,22
2026-09-17 13:09:00,NIFTY,CE,23450.0,NIFTY2692223450CE,70.7,72.6,70.0,71.4,104260,22
2026-09-17 13:09:00,NIFTY,PE,23450.0,NIFTY2692223450PE,174.5,175.8,171.05,172.7,62790,22
2026-09-17 13:09:00,NIFTY,CE,23500.0,NIFTY2692223500CE,53.05,54.6,52.35,53.55,189475,22
2026-09-17 13:09:00,NIFTY,PE,23500.0,NIFTY2692223500PE,206.95,208.0,202.55,204.55,74360,22
2026-09-17 13:09:00,NIFTY,CE,23550.0,NIFTY2692223550CE,38.85,39.55,38.25,39.1,93535,22
2026-09-17 13:09:00,NIFTY,PE,23550.0,NIFTY2692223550PE,242.25,243.95,237.9,238.95,16640,22
2026-09-17 13:09:00,NIFTY,CE,23600.0,NIFTY2692223600CE,27.7,28.45,27.2,27.75,158990,22
2026-09-17 13:09:00,NIFTY,PE,23600.0,NIFTY2692223600PE,281.2,283.0,276.35,278.55,10660,22
2026-09-17 13:09:00,NIFTY,CE,23650.0,NIFTY2692223650CE,19.55,20.1,19.25,19.65,75335,22
2026-09-17 13:09:00,NIFTY,PE,23650.0,NIFTY2692223650PE,322.55,325.05,319.4,319.4,5070,22
2026-09-17 13:10:00,NIFTY,FUT,0.0,NIFTY26SEPFUT,23371.5,23374.7,23370.0,23370.0,455,22
2026-09-17 13:10:00,NIFTY,SPOT,0.0,Nifty 50,23327.0,23327.0,23324.2,23324.8,0,22
2026-09-17 13:10:00,NIFTY,CE,23050.0,NIFTY2692223050CE,335.0,335.0,331.75,334.6,1690,22
2026-09-17 13:10:00,NIFTY,PE,23050.0,NIFTY2692223050PE,36.65,37.3,36.6,37.05,45045,22
2026-09-17 13:10:00,NIFTY,CE,23100.0,NIFTY2692223100CE,293.05,293.05,290.0,291.2,5720,22
2026-09-17 13:10:00,NIFTY,PE,23100.0,NIFTY2692223100PE,44.5,45.4,44.5,45.2,87425,22
2026-09-17 13:10:00,NIFTY,CE,23150.0,NIFTY2692223150CE,253.2,253.2,250.35,250.85,16705,22
2026-09-17 13:10:00,NIFTY,PE,23150.0,NIFTY2692223150PE,54.3,55.5,54.3,55.2,45045,22
2026-09-17 13:10:00,NIFTY,CE,23200.0,NIFTY2692223200CE,215.0,215.0,212.0,213.65,47580,22
2026-09-17 13:10:00,NIFTY,PE,23200.0,NIFTY2692223200PE,66.45,67.8,66.45,67.1,144690,22
2026-09-17 13:10:00,NIFTY,CE,23250.0,NIFTY2692223250CE,179.35,179.45,176.7,178.25,67275,22
2026-09-17 13:10:00,NIFTY,PE,23250.0,NIFTY2692223250PE,80.95,82.85,80.95,82.15,112840,22
2026-09-17 13:10:00,NIFTY,CE,23300.0,NIFTY2692223300CE,148.0,148.0,145.0,146.5,149695,22
2026-09-17 13:10:00,NIFTY,PE,23300.0,NIFTY2692223300PE,99.15,101.0,99.15,100.4,258375,22
2026-09-17 13:10:00,NIFTY,CE,23350.0,NIFTY2692223350CE,119.0,119.0,116.4,118.0,140075,22
2026-09-17 13:10:00,NIFTY,PE,23350.0,NIFTY2692223350PE,120.05,122.2,120.05,121.2,150670,22
2026-09-17 13:10:00,NIFTY,CE,23400.0,NIFTY2692223400CE,93.3,93.3,91.4,92.55,138840,22
2026-09-17 13:10:00,NIFTY,PE,23400.0,NIFTY2692223400PE,144.7,146.9,144.7,146.2,128700,22
2026-09-17 13:10:00,NIFTY,CE,23450.0,NIFTY2692223450CE,71.4,71.4,69.85,70.85,65585,22
2026-09-17 13:10:00,NIFTY,PE,23450.0,NIFTY2692223450PE,172.8,175.55,172.8,174.2,22165,22
2026-09-17 13:10:00,NIFTY,CE,23500.0,NIFTY2692223500CE,53.6,53.6,52.25,52.9,138255,22
2026-09-17 13:10:00,NIFTY,PE,23500.0,NIFTY2692223500PE,204.7,207.55,204.65,206.05,42575,22
2026-09-17 13:10:00,NIFTY,CE,23550.0,NIFTY2692223550CE,39.2,39.2,38.0,38.75,64740,22
2026-09-17 13:10:00,NIFTY,PE,23550.0,NIFTY2692223550PE,240.15,242.15,240.1,242.0,3575,22
2026-09-17 13:10:00,NIFTY,CE,23600.0,NIFTY2692223600CE,27.8,27.8,27.1,27.5,97045,22
2026-09-17 13:10:00,NIFTY,PE,23600.0,NIFTY2692223600PE,278.95,282.25,278.85,280.6,7215,22
2026-09-17 13:10:00,NIFTY,CE,23650.0,NIFTY2692223650CE,19.65,19.65,19.05,19.45,41405,22
2026-09-17 13:10:00,NIFTY,PE,23650.0,NIFTY2692223650PE,319.4,323.7,319.4,322.0,1235,22
2026-09-17 13:11:00,NIFTY,FUT,0.0,NIFTY26SEPFUT,23370.0,23378.2,23370.0,23374.0,780,22
2026-09-17 13:11:00,NIFTY,SPOT,0.0,Nifty 50,23324.5,23327.25,23324.5,23326.55,0,22
2026-09-17 13:11:00,NIFTY,CE,23050.0,NIFTY2692223050CE,334.6,334.6,333.0,333.0,520,22
2026-09-17 13:11:00,NIFTY,PE,23050.0,NIFTY2692223050PE,37.3,37.3,36.55,37.0,48880,22
2026-09-17 13:11:00,NIFTY,CE,23100.0,NIFTY2692223100CE,290.0,293.0,289.25,291.65,6305,22
2026-09-17 13:11:00,NIFTY,PE,23100.0,NIFTY2692223100PE,45.5,45.5,44.65,44.95,41990,22
2026-09-17 13:11:00,NIFTY,CE,23150.0,NIFTY2692223150CE,250.0,253.0,250.0,252.5,3705,22
2026-09-17 13:11:00,NIFTY,PE,23150.0,NIFTY2692223150PE,55.55,55.55,54.5,54.95,34255,22
2026-09-17 13:11:00,NIFTY,CE,23200.0,NIFTY2692223200CE,212.3,215.0,212.15,213.55,26390,22
2026-09-17 13:11:00,NIFTY,PE,23200.0,NIFTY2692223200PE,67.6,67.6,66.55,67.0,118105,22
2026-09-17 13:11:00,NIFTY,CE,23250.0,NIFTY2692223250CE,177.2,179.75,177.2,178.8,73190,22
2026-09-17 13:11:00,NIFTY,PE,23250.0,NIFTY2692223250PE,82.8,82.8,81.25,81.65,159120,22
2026-09-17 13:11:00,NIFTY,CE,23300.0,NIFTY2692223300CE,145.55,147.7,145.55,147.3,116090,22
2026-09-17 13:11:00,NIFTY,PE,23300.0,NIFTY2692223300PE,101.1,101.1,99.5,100.0,195390,22
2026-09-17 13:11:00,NIFTY,CE,23350.0,NIFTY2692223350CE,116.65,118.85,116.65,118.2,90285,22
2026-09-17 13:11:00,NIFTY,PE,23350.0,NIFTY2692223350PE,122.25,122.25,120.3,120.75,137410,22
2026-09-17 13:11:00,NIFTY,CE,23400.0,NIFTY2692223400CE,91.65,93.3,91.65,93.2,195715,22
2026-09-17 13:11:00,NIFTY,PE,23400.0,NIFTY2692223400PE,146.85,146.85,144.65,145.4,77870,22
2026-09-17 13:11:00,NIFTY,CE,23450.0,NIFTY2692223450CE,70.0,71.55,70.0,71.3,48555,22
2026-09-17 13:11:00,NIFTY,PE,23450.0,NIFTY2692223450PE,175.2,175.25,173.0,173.9,20865,22
2026-09-17 13:11:00,NIFTY,CE,23500.0,NIFTY2692223500CE,52.35,53.7,52.35,53.4,104195,22
2026-09-17 13:11:00,NIFTY,PE,23500.0,NIFTY2692223500PE,207.55,207.55,204.4,206.1,46475,22
2026-09-17 13:11:00,NIFTY,CE,23550.0,NIFTY2692223550CE,38.25,39.25,38.25,39.0,49205,22
2026-09-17 13:11:00,NIFTY,PE,23550.0,NIFTY2692223550PE,243.6,243.6,240.9,241.75,3575,22
2026-09-17 13:11:00,NIFTY,CE,23600.0,NIFTY2692223600CE,27.1,27.95,27.1,27.7,68965,22
2026-09-17 13:11:00,NIFTY,PE,23600.0,NIFTY2692223600PE,282.0,282.0,279.4,280.3,3380,22
2026-09-17 13:11:00,NIFTY,CE,23650.0,NIFTY2692223650CE,19.15,19.85,19.15,19.6,24310,22
2026-09-17 13:11:00,NIFTY,PE,23650.0,NIFTY2692223650PE,322.0,323.5,321.2,321.2,325,22
2026-09-17 13:12:00,NIFTY,FUT,0.0,NIFTY26SEPFUT,23374.0,23377.9,23370.0,23376.0,1105,21
2026-09-17 13:12:00,NIFTY,SPOT,0.0,Nifty 50,23325.9,23328.8,23325.85,23327.7,0,21
2026-09-17 13:12:00,NIFTY,CE,23050.0,NIFTY2692223050CE,333.0,336.0,332.65,336.0,1040,21
2026-09-17 13:12:00,NIFTY,PE,23050.0,NIFTY2692223050PE,36.75,37.0,36.45,36.65,27495,21
2026-09-17 13:12:00,NIFTY,CE,23100.0,NIFTY2692223100CE,291.65,294.0,291.65,293.25,15145,21
2026-09-17 13:12:00,NIFTY,PE,23100.0,NIFTY2692223100PE,44.95,45.1,44.45,44.75,82875,21
2026-09-17 13:12:00,NIFTY,CE,23150.0,NIFTY2692223150CE,252.35,253.7,251.35,253.7,4095,21
2026-09-17 13:12:00,NIFTY,PE,23150.0,NIFTY2692223150PE,54.85,55.15,54.5,54.65,26130,21
2026-09-17 13:12:00,NIFTY,CE,23200.0,NIFTY2692223200CE,214.15,215.95,213.7,215.05,48295,21
2026-09-17 13:12:00,NIFTY,PE,23200.0,NIFTY2692223200PE,67.0,67.3,66.4,66.8,100945,21
2026-09-17 13:12:00,NIFTY,CE,23250.0,NIFTY2692223250CE,179.8,180.45,178.0,179.85,91065,21
2026-09-17 13:12:00,NIFTY,PE,23250.0,NIFTY2692223250PE,81.5,82.15,81.25,81.6,198185,21
2026-09-17 13:12:00,NIFTY,CE,23300.0,NIFTY2692223300CE,147.6,148.6,146.65,147.55,115310,21
2026-09-17 13:12:00,NIFTY,PE,23300.0,NIFTY2692223300PE,99.85,100.3,99.15,100.0,205530,21
2026-09-17 13:12:00,NIFTY,CE,23350.0,NIFTY2692223350CE,118.5,119.6,117.9,119.05,113880,21
2026-09-17 13:12:00,NIFTY,PE,23350.0,NIFTY2692223350PE,120.7,121.5,120.05,120.6,104585,21
2026-09-17 13:12:00,NIFTY,CE,23400.0,NIFTY2692223400CE,92.9,94.05,92.4,93.45,134355,21
2026-09-17 13:12:00,NIFTY,PE,23400.0,NIFTY2692223400PE,145.3,146.25,144.35,145.45,72995,21
2026-09-17 13:12:00,NIFTY,CE,23450.0,NIFTY2692223450CE,71.25,72.25,70.95,71.7,51220,21
2026-09-17 13:12:00,NIFTY,PE,23450.0,NIFTY2692223450PE,174.0,174.8,173.0,173.5,14040,21
2026-09-17 13:12:00,NIFTY,CE,23500.0,NIFTY2692223500CE,53.5,54.45,53.15,53.75,106535,21
2026-09-17 13:12:00,NIFTY,PE,23500.0,NIFTY2692223500PE,205.2,207.0,204.7,205.2,22035,21
2026-09-17 13:12:00,NIFTY,CE,23550.0,NIFTY2692223550CE,39.1,39.8,38.9,39.5,77675,21
2026-09-17 13:12:00,NIFTY,PE,23550.0,NIFTY2692223550PE,240.2,242.35,240.0,241.2,5135,21
2026-09-17 13:12:00,NIFTY,CE,23600.0,NIFTY2692223600CE,27.85,28.4,27.65,28.2,75920,21
2026-09-17 13:12:00,NIFTY,PE,23600.0,NIFTY2692223600PE,280.3,281.65,278.1,278.8,4810,21
2026-09-17 13:12:00,NIFTY,CE,23650.0,NIFTY2692223650CE,19.7,20.15,19.65,19.95,32500,21
2026-09-17 13:12:00,NIFTY,PE,23650.0,NIFTY2692223650PE,321.2,323.4,321.2,321.5,2080,21
2026-09-17 13:13:00,NIFTY,FUT,0.0,NIFTY26SEPFUT,23376.0,23376.0,23369.0,23371.0,1170,22
2026-09-17 13:13:00,NIFTY,SPOT,0.0,Nifty 50,23328.1,23328.1,23323.4,23325.4,0,22
2026-09-17 13:13:00,NIFTY,CE,23050.0,NIFTY2692223050CE,333.75,333.75,329.6,329.6,4290,22
2026-09-17 13:13:00,NIFTY,PE,23050.0,NIFTY2692223050PE,36.75,37.6,36.75,37.3,47385,22
2026-09-17 13:13:00,NIFTY,CE,23100.0,NIFTY2692223100CE,292.15,292.15,287.5,288.4,9100,22
2026-09-17 13:13:00,NIFTY,PE,23100.0,NIFTY2692223100PE,44.8,45.9,44.8,45.6,88205,22
2026-09-17 13:13:00,NIFTY,CE,23150.0,NIFTY2692223150CE,252.45,252.45,248.3,249.1,8515,22
2026-09-17 13:13:00,NIFTY,PE,23150.0,NIFTY2692223150PE,54.75,56.2,54.75,55.7,52845,22
2026-09-17 13:13:00,NIFTY,CE,23200.0,NIFTY2692223200CE,214.6,214.6,210.6,211.25,44915,22
2026-09-17 13:13:00,NIFTY,PE,23200.0,NIFTY2692223200PE,66.95,68.4,66.95,68.15,230555,22
2026-09-17 13:13:00,NIFTY,CE,23250.0,NIFTY2692223250CE,179.4,179.4,175.15,176.45,84305,22
2026-09-17 13:13:00,NIFTY,PE,23250.0,NIFTY2692223250PE,82.0,83.85,81.95,83.1,237055,22
2026-09-17 13:13:00,NIFTY,CE,23300.0,NIFTY2692223300CE,147.05,147.05,143.65,144.95,161005,22
2026-09-17 13:13:00,NIFTY,PE,23300.0,NIFTY2692223300PE,99.95,102.3,99.95,101.75,382980,22
2026-09-17 13:13:00,NIFTY,CE,23350.0,NIFTY2692223350CE,118.7,118.7,115.65,116.45,147290,22
2026-09-17 13:13:00,NIFTY,PE,23350.0,NIFTY2692223350PE,120.9,123.6,120.9,122.95,202085,22
2026-09-17 13:13:00,NIFTY,CE,23400.0,NIFTY2692223400CE,93.2,93.2,90.7,91.45,186550,22
2026-09-17 13:13:00,NIFTY,PE,23400.0,NIFTY2692223400PE,145.9,148.8,145.9,148.0,137540,22
2026-09-17 13:13:00,NIFTY,CE,23450.0,NIFTY2692223450CE,71.35,71.35,69.2,70.1,78715,22
2026-09-17 13:13:00,NIFTY,PE,23450.0,NIFTY2692223450PE,174.0,177.6,174.0,176.6,35750,22
2026-09-17 13:13:00,NIFTY,CE,23500.0,NIFTY2692223500CE,53.7,53.7,51.8,52.5,150670,22
2026-09-17 13:13:00,NIFTY,PE,23500.0,NIFTY2692223500PE,205.75,209.5,205.75,208.6,47710,22
2026-09-17 13:13:00,NIFTY,CE,23550.0,NIFTY2692223550CE,39.4,39.4,38.05,38.35,67795,22
2026-09-17 13:13:00,NIFTY,PE,23550.0,NIFTY2692223550PE,241.2,245.55,241.2,243.9,6500,22
2026-09-17 13:13:00,NIFTY,CE,23600.0,NIFTY2692223600CE,28.05,28.05,27.05,27.35,91520,22
2026-09-17 13:13:00,NIFTY,PE,23600.0,NIFTY2692223600PE,278.8,285.0,278.8,284.05,18070,22
2026-09-17 13:13:00,NIFTY,CE,23650.0,NIFTY2692223650CE,19.85,19.85,19.25,19.4,31785,22
2026-09-17 13:13:00,NIFTY,PE,23650.0,NIFTY2692223650PE,322.25,326.95,322.25,326.15,1755,22
2026-09-17 13:14:00,NIFTY,FUT,0.0,NIFTY26SEPFUT,23371.0,23371.0,23365.6,23365.6,1300,24
2026-09-17 13:14:00,NIFTY,SPOT,0.0,Nifty 50,23324.25,23325.15,23321.25,23321.3,0,24
2026-09-17 13:14:00,NIFTY,CE,23050.0,NIFTY2692223050CE,329.6,331.0,325.75,328.0,4355,24
2026-09-17 13:14:00,NIFTY,PE,23050.0,NIFTY2692223050PE,37.35,37.9,37.2,37.6,67145,24
2026-09-17 13:14:00,NIFTY,CE,23100.0,NIFTY2692223100CE,288.4,290.25,284.0,284.0,15145,24
2026-09-17 13:14:00,NIFTY,PE,23100.0,NIFTY2692223100PE,45.55,46.25,45.2,46.15,128180,24
2026-09-17 13:14:00,NIFTY,CE,23150.0,NIFTY2692223150CE,249.1,250.2,244.2,244.2,18590,24
2026-09-17 13:14:00,NIFTY,PE,23150.0,NIFTY2692223150PE,55.7,56.65,55.45,56.4,71175,24
2026-09-17 13:14:00,NIFTY,CE,23200.0,NIFTY2692223200CE,211.4,212.65,207.3,208.0,126230,24
2026-09-17 13:14:00,NIFTY,PE,23200.0,NIFTY2692223200PE,67.9,69.25,67.55,68.65,288275,24
2026-09-17 13:14:00,NIFTY,CE,23250.0,NIFTY2692223250CE,176.5,177.2,172.05,172.05,103935,24
2026-09-17 13:14:00,NIFTY,PE,23250.0,NIFTY2692223250PE,83.0,84.45,82.8,83.9,170625,24
2026-09-17 13:14:00,NIFTY,CE,23300.0,NIFTY2692223300CE,145.0,145.55,141.3,142.2,298805,24
2026-09-17 13:14:00,NIFTY,PE,23300.0,NIFTY2692223300PE,101.35,103.5,100.9,102.75,562510,24
2026-09-17 13:14:00,NIFTY,CE,23350.0,NIFTY2692223350CE,116.55,117.3,113.35,113.9,208715,24
2026-09-17 13:14:00,NIFTY,PE,23350.0,NIFTY2692223350PE,122.95,125.0,122.0,124.35,335725,24
2026-09-17 13:14:00,NIFTY,CE,23400.0,NIFTY2692223400CE,91.5,92.0,88.7,88.7,246285,24
2026-09-17 13:14:00,NIFTY,PE,23400.0,NIFTY2692223400PE,148.0,150.35,147.2,149.9,240110,24
2026-09-17 13:14:00,NIFTY,CE,23450.0,NIFTY2692223450CE,69.85,70.7,67.7,67.7,131560,24
2026-09-17 13:14:00,NIFTY,PE,23450.0,NIFTY2692223450PE,176.95,179.6,175.4,178.7,57785,24
2026-09-17 13:14:00,NIFTY,CE,23500.0,NIFTY2692223500CE,52.35,52.85,50.65,50.65,179205,24
2026-09-17 13:14:00,NIFTY,PE,23500.0,NIFTY2692223500PE,208.9,212.0,207.6,211.6,51805,24
2026-09-17 13:14:00,NIFTY,CE,23550.0,NIFTY2692223550CE,38.4,38.95,36.9,37.1,112385,24
2026-09-17 13:14:00,NIFTY,PE,23550.0,NIFTY2692223550PE,244.1,249.0,243.75,246.1,9815,24
2026-09-17 13:14:00,NIFTY,CE,23600.0,NIFTY2692223600CE,27.45,27.65,26.45,26.55,150540,24
2026-09-17 13:14:00,NIFTY,PE,23600.0,NIFTY2692223600PE,284.05,287.6,282.9,285.95,38220,24
2026-09-17 13:14:00,NIFTY,CE,23650.0,NIFTY2692223650CE,19.45,19.65,18.65,18.85,92300,24
2026-09-17 13:14:00,NIFTY,PE,23650.0,NIFTY2692223650PE,326.15,330.55,325.0,328.8,2730,24
2026-09-17 13:15:00,NIFTY,FUT,0.0,NIFTY26SEPFUT,23365.5,23365.5,23362.0,23363.0,2925,30
2026-09-17 13:15:00,NIFTY,SPOT,0.0,Nifty 50,23321.55,23322.4,23317.15,23318.25,0,30
2026-09-17 13:15:00,NIFTY,CE,23050.0,NIFTY2692223050CE,328.0,328.0,322.15,324.35,2405,30
2026-09-17 13:15:00,NIFTY,PE,23050.0,NIFTY2692223050PE,37.6,38.2,37.2,37.7,32045,30
2026-09-17 13:15:00,NIFTY,CE,23100.0,NIFTY2692223100CE,284.6,287.1,280.85,282.1,26390,30
2026-09-17 13:15:00,NIFTY,PE,23100.0,NIFTY2692223100PE,45.9,46.75,45.45,46.15,147355,30
2026-09-17 13:15:00,NIFTY,CE,23150.0,NIFTY2692223150CE,244.45,247.4,241.55,242.4,17485,30
2026-09-17 13:15:00,NIFTY,PE,23150.0,NIFTY2692223150PE,56.45,57.25,55.7,56.6,95550,30
2026-09-17 13:15:00,NIFTY,CE,23200.0,NIFTY2692223200CE,207.2,209.95,204.4,205.2,116155,30
2026-09-17 13:15:00,NIFTY,PE,23200.0,NIFTY2692223200PE,68.85,70.0,67.85,69.0,324870,30
2026-09-17 13:15:00,NIFTY,CE,23250.0,NIFTY2692223250CE,172.85,174.85,170.15,170.95,121095,30
2026-09-17 13:15:00,NIFTY,PE,23250.0,NIFTY2692223250PE,84.05,85.6,83.05,84.75,303550,30
2026-09-17 13:15:00,NIFTY,CE,23300.0,NIFTY2692223300CE,141.1,143.35,138.9,139.9,428870,30
2026-09-17 13:15:00,NIFTY,PE,23300.0,NIFTY2692223300PE,103.15,104.6,101.65,103.55,754910,30
2026-09-17 13:15:00,NIFTY,CE,23350.0,NIFTY2692223350CE,113.5,115.0,111.1,111.65,253630,30
2026-09-17 13:15:00,NIFTY,PE,23350.0,NIFTY2692223350PE,124.4,126.55,123.15,125.45,353275,30
2026-09-17 13:15:00,NIFTY,CE,23400.0,NIFTY2692223400CE,88.4,90.4,87.0,87.25,245830,30
2026-09-17 13:15:00,NIFTY,PE,23400.0,NIFTY2692223400PE,150.0,152.3,148.25,150.9,247650,30
2026-09-17 13:15:00,NIFTY,CE,23450.0,NIFTY2692223450CE,67.6,69.15,66.25,66.8,116610,30
2026-09-17 13:15:00,NIFTY,PE,23450.0,NIFTY2692223450PE,179.0,181.4,177.3,179.8,59475,30
2026-09-17 13:15:00,NIFTY,CE,23500.0,NIFTY2692223500CE,50.65,51.55,49.45,49.65,248105,30
2026-09-17 13:15:00,NIFTY,PE,23500.0,NIFTY2692223500PE,211.75,214.0,209.3,212.7,60255,30
2026-09-17 13:15:00,NIFTY,CE,23550.0,NIFTY2692223550CE,36.95,37.8,36.1,36.35,114790,30
2026-09-17 13:15:00,NIFTY,PE,23550.0,NIFTY2692223550PE,246.1,250.8,246.1,249.2,6305,30
2026-09-17 13:15:00,NIFTY,CE,23600.0,NIFTY2692223600CE,26.35,27.0,25.65,25.8,171795,30
2026-09-17 13:15:00,NIFTY,PE,23600.0,NIFTY2692223600PE,287.15,290.0,284.65,289.0,25350,30
2026-09-17 13:15:00,NIFTY,CE,23650.0,NIFTY2692223650CE,18.6,19.1,18.25,18.25,62985,30
2026-09-17 13:15:00,NIFTY,PE,23650.0,NIFTY2692223650PE,328.8,332.8,328.8,331.5,1235,30
2026-09-17 13:16:00,NIFTY,FUT,0.0,NIFTY26SEPFUT,23362.0,23368.3,23360.1,23360.5,4420,21
2026-09-17 13:16:00,NIFTY,SPOT,0.0,Nifty 50,23318.4,23322.15,23316.7,23316.7,0,21
2026-09-17 13:16:00,NIFTY,CE,23050.0,NIFTY2692223050CE,324.35,331.3,324.0,324.35,6500,21
2026-09-17 13:16:00,NIFTY,PE,23050.0,NIFTY2692223050PE,37.75,37.75,36.5,37.35,113685,21
2026-09-17 13:16:00,NIFTY,CE,23100.0,NIFTY2692223100CE,282.0,289.25,282.0,283.55,30680,21
2026-09-17 13:16:00,NIFTY,PE,23100.0,NIFTY2692223100PE,46.2,46.2,44.55,45.75,297505,21
2026-09-17 13:16:00,NIFTY,CE,23150.0,NIFTY2692223150CE,242.4,249.4,242.4,243.4,33215,21
2026-09-17 13:16:00,NIFTY,PE,23150.0,NIFTY2692223150PE,56.7,56.7,54.8,56.25,155155,21
2026-09-17 13:16:00,NIFTY,CE,23200.0,NIFTY2692223200CE,205.25,211.8,205.25,206.45,200980,21
2026-09-17 13:16:00,NIFTY,PE,23200.0,NIFTY2692223200PE,69.3,69.3,66.95,68.85,422695,21
2026-09-17 13:16:00,NIFTY,CE,23250.0,NIFTY2692223250CE,170.7,176.1,170.7,171.55,145210,21
2026-09-17 13:16:00,NIFTY,PE,23250.0,NIFTY2692223250PE,84.9,84.9,81.8,84.25,386295,21
2026-09-17 13:16:00,NIFTY,CE,23300.0,NIFTY2692223300CE,139.6,145.25,139.5,140.85,457795,21
2026-09-17 13:16:00,NIFTY,PE,23300.0,NIFTY2692223300PE,103.45,103.45,100.0,103.25,1046890,21
2026-09-17 13:16:00,NIFTY,CE,23350.0,NIFTY2692223350CE,111.55,116.2,111.55,112.55,430430,21
2026-09-17 13:16:00,NIFTY,PE,23350.0,NIFTY2692223350PE,125.6,125.6,121.5,125.2,510445,21
2026-09-17 13:16:00,NIFTY,CE,23400.0,NIFTY2692223400CE,87.25,91.35,87.15,88.05,487630,21
2026-09-17 13:16:00,NIFTY,PE,23400.0,NIFTY2692223400PE,150.95,151.0,146.45,150.35,367185,21
2026-09-17 13:16:00,NIFTY,CE,23450.0,NIFTY2692223450CE,66.4,70.15,66.4,67.5,193375,21
2026-09-17 13:16:00,NIFTY,PE,23450.0,NIFTY2692223450PE,180.65,180.65,175.0,179.15,76570,21
2026-09-17 13:16:00,NIFTY,CE,23500.0,NIFTY2692223500CE,49.6,52.55,49.6,50.35,401960,21
2026-09-17 13:16:00,NIFTY,PE,23500.0,NIFTY2692223500PE,212.7,212.8,206.9,212.8,120315,21
2026-09-17 13:16:00,NIFTY,CE,23550.0,NIFTY2692223550CE,36.1,38.55,36.05,36.85,306670,21
2026-09-17 13:16:00,NIFTY,PE,23550.0,NIFTY2692223550PE,249.2,249.2,243.45,249.2,17355,21
2026-09-17 13:16:00,NIFTY,CE,23600.0,NIFTY2692223600CE,25.7,27.35,25.7,26.2,239070,21
2026-09-17 13:16:00,NIFTY,PE,23600.0,NIFTY2692223600PE,289.0,289.45,281.85,287.3,17550,21
2026-09-17 13:16:00,NIFTY,CE,23650.0,NIFTY2692223650CE,18.3,19.5,18.3,18.65,123110,21
2026-09-17 13:16:00,NIFTY,PE,23650.0,NIFTY2692223650PE,331.5,331.6,326.2,329.2,4160,21
2026-09-17 13:17:00,NIFTY,FUT,0.0,NIFTY26SEPFUT,23360.7,23360.7,23360.0,23360.0,1105,6
2026-09-17 13:17:00,NIFTY,SPOT,0.0,Nifty 50,23317.4,23319.4,23317.4,23317.85,0,6
2026-09-17 13:17:00,NIFTY,CE,23050.0,NIFTY2692223050CE,324.35,326.0,324.35,326.0,65,6
2026-09-17 13:17:00,NIFTY,PE,23050.0,NIFTY2692223050PE,37.2,37.3,37.0,37.0,2600,6
2026-09-17 13:17:00,NIFTY,CE,23100.0,NIFTY2692223100CE,283.55,284.7,283.55,284.4,1560,6
2026-09-17 13:17:00,NIFTY,PE,23100.0,NIFTY2692223100PE,45.75,45.8,45.5,45.5,76375,6
2026-09-17 13:17:00,NIFTY,CE,23150.0,NIFTY2692223150CE,243.4,245.25,243.4,245.25,715,6
2026-09-17 13:17:00,NIFTY,PE,23150.0,NIFTY2692223150PE,56.0,56.1,55.9,55.9,7995,6
2026-09-17 13:17:00,NIFTY,CE,23200.0,NIFTY2692223200CE,206.8,207.9,206.4,207.9,9685,6
2026-09-17 13:17:00,NIFTY,PE,23200.0,NIFTY2692223200PE,68.65,68.65,68.05,68.05,28145,6
2026-09-17 13:17:00,NIFTY,CE,23250.0,NIFTY2692223250CE,173.0,173.0,172.4,173.0,8775,6
2026-09-17 13:17:00,NIFTY,PE,23250.0,NIFTY2692223250PE,84.05,84.2,83.7,83.7,18070,6
2026-09-17 13:17:00,NIFTY,CE,23300.0,NIFTY2692223300CE,141.2,141.55,141.05,141.55,65065,6
2026-09-17 13:17:00,NIFTY,PE,23300.0,NIFTY2692223300PE,102.9,102.9,102.3,102.3,93340,6
2026-09-17 13:17:00,NIFTY,CE,23350.0,NIFTY2692223350CE,113.15,113.4,112.9,113.4,14495,6
2026-09-17 13:17:00,NIFTY,PE,23350.0,NIFTY2692223350PE,124.7,124.8,123.8,123.8,31655,6
2026-09-17 13:17:00,NIFTY,CE,23400.0,NIFTY2692223400CE,88.5,89.25,88.4,89.25,24505,6
2026-09-17 13:17:00,NIFTY,PE,23400.0,NIFTY2692223400PE,150.5,150.5,149.3,149.3,18135,6
2026-09-17 13:17:00,NIFTY,CE,23450.0,NIFTY2692223450CE,67.9,67.9,67.5,67.9,14170,6
2026-09-17 13:17:00,NIFTY,PE,23450.0,NIFTY2692223450PE,178.65,179.5,178.65,178.7,4745,6
2026-09-17 13:17:00,NIFTY,CE,23500.0,NIFTY2692223500CE,50.65,50.8,50.55,50.8,28730,6
2026-09-17 13:17:00,NIFTY,PE,23500.0,NIFTY2692223500PE,211.5,212.15,211.2,211.3,5785,6
2026-09-17 13:17:00,NIFTY,CE,23550.0,NIFTY2692223550CE,37.05,37.1,37.0,37.1,8450,6
2026-09-17 13:17:00,NIFTY,PE,23550.0,NIFTY2692223550PE,249.2,249.2,247.4,247.4,1235,6
2026-09-17 13:17:00,NIFTY,CE,23600.0,NIFTY2692223600CE,26.4,26.55,26.3,26.55,10725,6
2026-09-17 13:17:00,NIFTY,PE,23600.0,NIFTY2692223600PE,287.3,287.3,286.45,286.45,130,6
2026-09-17 13:17:00,NIFTY,CE,23650.0,NIFTY2692223650CE,18.75,18.75,18.7,18.7,4810,6
2026-09-17 13:17:00,NIFTY,PE,23650.0,NIFTY2692223650PE,329.2,329.2,329.2,329.2,0,6
2026-09-17 13:18:00,NIFTY,FUT,0.0,NIFTY26SEPFUT,23360.8,23369.4,23359.5,23368.4,3575,29
2026-09-17 13:18:00,NIFTY,SPOT,0.0,Nifty 50,23318.85,23320.1,23317.4,23320.1,0,29
2026-09-17 13:18:00,NIFTY,CE,23050.0,NIFTY2692223050CE,326.0,328.15,326.0,326.4,2210,29
2026-09-17 13:18:00,NIFTY,PE,23050.0,NIFTY2692223050PE,36.9,37.25,36.7,36.7,38090,29
2026-09-17 13:18:00,NIFTY,CE,23100.0,NIFTY2692223100CE,284.65,287.0,283.55,287.0,11635,29
2026-09-17 13:18:00,NIFTY,PE,23100.0,NIFTY2692223100PE,45.35,45.8,45.0,45.05,116415,29
2026-09-17 13:18:00,NIFTY,CE,23150.0,NIFTY2692223150CE,245.15,247.2,244.0,247.2,9750,29
2026-09-17 13:18:00,NIFTY,PE,23150.0,NIFTY2692223150PE,55.55,56.05,55.15,55.2,65325,29
2026-09-17 13:18:00,NIFTY,CE,23200.0,NIFTY2692223200CE,208.0,209.3,206.15,208.8,39910,29
2026-09-17 13:18:00,NIFTY,PE,23200.0,NIFTY2692223200PE,67.8,68.8,67.55,67.55,144430,29
2026-09-17 13:18:00,NIFTY,CE,23250.0,NIFTY2692223250CE,173.15,174.0,171.65,174.0,45500,29
2026-09-17 13:18:00,NIFTY,PE,23250.0,NIFTY2692223250PE,83.4,84.0,82.8,82.8,119795,29
2026-09-17 13:18:00,NIFTY,CE,23300.0,NIFTY2692223300CE,142.0,142.7,140.8,142.6,175955,29
2026-09-17 13:18:00,NIFTY,PE,23300.0,NIFTY2692223300PE,102.05,102.65,101.15,101.4,348140,29
2026-09-17 13:18:00,NIFTY,CE,23350.0,NIFTY2692223350CE,113.85,114.65,112.8,114.45,102050,29
2026-09-17 13:18:00,NIFTY,PE,23350.0,NIFTY2692223350PE,123.65,124.65,122.65,122.65,158210,29
2026-09-17 13:18:00,NIFTY,CE,23400.0,NIFTY2692223400CE,88.95,90.05,88.15,90.05,131235,29
2026-09-17 13:18:00,NIFTY,PE,23400.0,NIFTY2692223400PE,149.05,150.15,148.1,148.1,124995,29
2026-09-17 13:18:00,NIFTY,CE,23450.0,NIFTY2692223450CE,68.1,68.85,67.5,68.85,77350,29
2026-09-17 13:18:00,NIFTY,PE,23450.0,NIFTY2692223450PE,177.85,179.3,176.2,176.2,20475,29
2026-09-17 13:18:00,NIFTY,CE,23500.0,NIFTY2692223500CE,51.0,51.65,50.5,51.65,165035,29
2026-09-17 13:18:00,NIFTY,PE,23500.0,NIFTY2692223500PE,210.5,212.1,209.45,209.6,32630,29
2026-09-17 13:18:00,NIFTY,CE,23550.0,NIFTY2692223550CE,37.3,37.85,36.9,37.75,161070,29
2026-09-17 13:18:00,NIFTY,PE,23550.0,NIFTY2692223550PE,246.35,248.3,245.0,245.0,8060,29
2026-09-17 13:18:00,NIFTY,CE,23600.0,NIFTY2692223600CE,26.45,26.9,26.25,26.9,87230,29
2026-09-17 13:18:00,NIFTY,PE,23600.0,NIFTY2692223600PE,286.45,287.8,284.25,284.25,7930,29
2026-09-17 13:18:00,NIFTY,CE,23650.0,NIFTY2692223650CE,18.85,19.15,18.65,19.05,54470,29
2026-09-17 13:18:00,NIFTY,PE,23650.0,NIFTY2692223650PE,329.2,329.2,325.65,325.65,1950,29
2026-09-17 13:19:00,NIFTY,FUT,0.0,NIFTY26SEPFUT,23368.4,23374.3,23361.6,23363.8,1625,30
2026-09-17 13:19:00,NIFTY,SPOT,0.0,Nifty 50,23321.2,23321.85,23317.8,23319.7,0,30
2026-09-17 13:19:00,NIFTY,CE,23050.0,NIFTY2692223050CE,328.1,328.4,325.25,328.0,260,30
2026-09-17 13:19:00,NIFTY,PE,23050.0,NIFTY2692223050PE,36.7,37.3,36.6,37.15,21190,30
2026-09-17 13:19:00,NIFTY,CE,23100.0,NIFTY2692223100CE,287.0,287.1,283.55,285.0,13585,30
2026-09-17 13:19:00,NIFTY,PE,23100.0,NIFTY2692223100PE,45.15,45.75,44.9,45.4,96785,30
2026-09-17 13:19:00,NIFTY,CE,23150.0,NIFTY2692223150CE,245.7,246.9,244.0,245.85,5005,30
2026-09-17 13:19:00,NIFTY,PE,23150.0,NIFTY2692223150PE,55.25,56.15,55.1,55.7,29900,30
2026-09-17 13:19:00,NIFTY,CE,23200.0,NIFTY2692223200CE,209.5,209.5,207.0,208.0,34385,30
2026-09-17 13:19:00,NIFTY,PE,23200.0,NIFTY2692223200PE,67.65,68.55,67.5,68.4,92560,30
2026-09-17 13:19:00,NIFTY,CE,23250.0,NIFTY2692223250CE,174.35,174.65,172.3,173.2,28795,30
2026-09-17 13:19:00,NIFTY,PE,23250.0,NIFTY2692223250PE,82.95,84.15,82.55,83.75,76960,30
2026-09-17 13:19:00,NIFTY,CE,23300.0,NIFTY2692223300CE,142.9,143.35,140.7,141.9,121615,30
2026-09-17 13:19:00,NIFTY,PE,23300.0,NIFTY2692223300PE,101.4,102.9,101.25,102.4,202280,30
2026-09-17 13:19:00,NIFTY,CE,23350.0,NIFTY2692223350CE,114.35,114.9,113.1,113.85,87035,30
2026-09-17 13:19:00,NIFTY,PE,23350.0,NIFTY2692223350PE,123.2,124.85,122.5,123.85,110240,30
2026-09-17 13:19:00,NIFTY,CE,23400.0,NIFTY2692223400CE,89.85,89.9,88.35,88.95,84825,30
2026-09-17 13:19:00,NIFTY,PE,23400.0,NIFTY2692223400PE,148.1,150.4,147.7,149.45,84435,30
2026-09-17 13:19:00,NIFTY,CE,23450.0,NIFTY2692223450CE,68.7,69.0,67.75,68.0,40235,30
2026-09-17 13:19:00,NIFTY,PE,23450.0,NIFTY2692223450PE,177.5,179.6,176.55,178.0,17615,30
2026-09-17 13:19:00,NIFTY,CE,23500.0,NIFTY2692223500CE,51.4,51.75,50.55,51.0,81380,30
2026-09-17 13:19:00,NIFTY,PE,23500.0,NIFTY2692223500PE,209.3,211.9,208.8,210.55,16705,30
2026-09-17 13:19:00,NIFTY,CE,23550.0,NIFTY2692223550CE,37.8,37.85,36.95,37.35,31850,30
2026-09-17 13:19:00,NIFTY,PE,23550.0,NIFTY2692223550PE,245.0,247.95,244.6,246.55,5590,30
2026-09-17 13:19:00,NIFTY,CE,23600.0,NIFTY2692223600CE,26.85,26.95,26.35,26.65,100880,30
2026-09-17 13:19:00,NIFTY,PE,23600.0,NIFTY2692223600PE,284.25,287.3,284.25,285.3,2730,30
2026-09-17 13:19:00,NIFTY,CE,23650.0,NIFTY2692223650CE,19.05,19.2,18.6,18.95,19305,30
2026-09-17 13:19:00,NIFTY,PE,23650.0,NIFTY2692223650PE,325.65,329.05,325.65,329.05,455,30
2026-09-17 13:20:00,NIFTY,FUT,0.0,NIFTY26SEPFUT,23363.8,23370.0,23361.0,23364.0,1235,29
2026-09-17 13:20:00,NIFTY,SPOT,0.0,Nifty 50,23319.5,23321.6,23316.9,23321.6,0,29
2026-09-17 13:20:00,NIFTY,CE,23050.0,NIFTY2692223050CE,325.0,326.95,322.95,326.95,325,29
2026-09-17 13:20:00,NIFTY,PE,23050.0,NIFTY2692223050PE,37.15,37.7,36.7,37.0,25480,29
2026-09-17 13:20:00,NIFTY,CE,23100.0,NIFTY2692223100CE,284.4,286.0,281.5,286.0,5915,29
2026-09-17 13:20:00,NIFTY,PE,23100.0,NIFTY2692223100PE,45.8,46.25,45.0,45.3,81770,29
2026-09-17 13:20:00,NIFTY,CE,23150.0,NIFTY2692223150CE,243.85,246.25,242.0,246.0,5460,29
2026-09-17 13:20:00,NIFTY,PE,23150.0,NIFTY2692223150PE,56.25,56.8,55.3,55.35,56615,29
2026-09-17 13:20:00,NIFTY,CE,23200.0,NIFTY2692223200CE,206.8,208.85,204.25,207.95,49075,29
2026-09-17 13:20:00,NIFTY,PE,23200.0,NIFTY2692223200PE,68.65,69.3,67.55,68.1,150605,29
2026-09-17 13:20:00,NIFTY,CE,23250.0,NIFTY2692223250CE,172.4,174.0,169.8,173.3,51740,29
2026-09-17 13:20:00,NIFTY,PE,23250.0,NIFTY2692223250PE,84.0,84.9,82.95,83.2,119340,29
2026-09-17 13:20:00,NIFTY,CE,23300.0,NIFTY2692223300CE,140.85,142.45,139.15,141.75,167830,29
2026-09-17 13:20:00,NIFTY,PE,23300.0,NIFTY2692223300PE,102.75,103.95,101.55,102.1,307255,29
2026-09-17 13:20:00,NIFTY,CE,23350.0,NIFTY2692223350CE,113.0,114.4,111.05,113.7,105690,29
2026-09-17 13:20:00,NIFTY,PE,23350.0,NIFTY2692223350PE,124.6,126.0,122.85,123.65,191685,29
2026-09-17 13:20:00,NIFTY,CE,23400.0,NIFTY2692223400CE,88.4,89.6,86.65,88.95,174655,29
2026-09-17 13:20:00,NIFTY,PE,23400.0,NIFTY2692223400PE,150.2,151.7,148.45,149.15,114985,29
2026-09-17 13:20:00,NIFTY,CE,23450.0,NIFTY2692223450CE,67.6,68.5,66.2,68.0,50830,29
2026-09-17 13:20:00,NIFTY,PE,23450.0,NIFTY2692223450PE,179.7,181.05,177.4,177.5,30875,29
2026-09-17 13:20:00,NIFTY,CE,23500.0,NIFTY2692223500CE,50.75,51.3,49.3,50.95,180960,29
2026-09-17 13:20:00,NIFTY,PE,23500.0,NIFTY2692223500PE,212.0,213.8,209.6,209.8,34385,29
2026-09-17 13:20:00,NIFTY,CE,23550.0,NIFTY2692223550CE,37.0,37.5,36.0,37.3,39520,29
2026-09-17 13:20:00,NIFTY,PE,23550.0,NIFTY2692223550PE,246.55,250.2,246.15,246.4,3120,29
2026-09-17 13:20:00,NIFTY,CE,23600.0,NIFTY2692223600CE,26.45,26.75,25.55,26.7,75140,29
2026-09-17 13:20:00,NIFTY,PE,23600.0,NIFTY2692223600PE,288.5,290.05,285.35,285.35,6890,29
2026-09-17 13:20:00,NIFTY,CE,23650.0,NIFTY2692223650CE,18.75,18.95,18.1,18.9,33865,29
2026-09-17 13:20:00,NIFTY,PE,23650.0,NIFTY2692223650PE,329.05,332.35,328.45,328.45,2470,29
2026-09-17 13:21:00,NIFTY,FUT,0.0,NIFTY26SEPFUT,23364.0,23370.0,23361.8,23364.1,390,18
2026-09-17 13:21:00,NIFTY,SPOT,0.0,Nifty 50,23322.05,23323.8,23321.05,23323.2,0,18
2026-09-17 13:21:00,NIFTY,CE,23050.0,NIFTY2692223050CE,326.95,328.0,326.0,328.0,2665,18
2026-09-17 13:21:00,NIFTY,PE,23050.0,NIFTY2692223050PE,37.0,37.05,36.25,36.25,29640,18
2026-09-17 13:21:00,NIFTY,CE,23100.0,NIFTY2692223100CE,285.3,288.0,284.0,287.55,6825,18
2026-09-17 13:21:00,NIFTY,PE,23100.0,NIFTY2692223100PE,45.15,45.6,44.4,44.4,48100,18
2026-09-17 13:21:00,NIFTY,CE,23150.0,NIFTY2692223150CE,246.0,248.45,244.7,248.45,7800,18
2026-09-17 13:21:00,NIFTY,PE,23150.0,NIFTY2692223150PE,55.6,55.95,54.55,54.55,33735,18
2026-09-17 13:21:00,NIFTY,CE,23200.0,NIFTY2692223200CE,208.55,210.2,206.7,210.0,27365,18
2026-09-17 13:21:00,NIFTY,PE,23200.0,NIFTY2692223200PE,67.75,68.3,66.8,66.8,100230,18
2026-09-17 13:21:00,NIFTY,CE,23250.0,NIFTY2692223250CE,173.7,175.25,172.4,175.25,26975,18
2026-09-17 13:21:00,NIFTY,PE,23250.0,NIFTY2692223250PE,83.05,83.95,82.0,82.0,89570,18
2026-09-17 13:21:00,NIFTY,CE,23300.0,NIFTY2692223300CE,141.95,143.9,141.0,143.9,103740,18
2026-09-17 13:21:00,NIFTY,PE,23300.0,NIFTY2692223300PE,101.55,102.7,100.35,100.35,187850,18
2026-09-17 13:21:00,NIFTY,CE,23350.0,NIFTY2692223350CE,114.4,115.65,113.15,115.65,95095,18
2026-09-17 13:21:00,NIFTY,PE,23350.0,NIFTY2692223350PE,123.35,124.25,121.8,121.8,79755,18
2026-09-17 13:21:00,NIFTY,CE,23400.0,NIFTY2692223400CE,89.35,90.7,88.4,90.7,103740,18
2026-09-17 13:21:00,NIFTY,PE,23400.0,NIFTY2692223400PE,149.35,149.85,147.0,147.0,61035,18
2026-09-17 13:21:00,NIFTY,CE,23450.0,NIFTY2692223450CE,68.05,69.55,67.65,69.55,37895,18
2026-09-17 13:21:00,NIFTY,PE,23450.0,NIFTY2692223450PE,177.95,179.0,175.85,176.15,14820,18
2026-09-17 13:21:00,NIFTY,CE,23500.0,NIFTY2692223500CE,51.0,52.15,50.75,52.15,98345,18
2026-09-17 13:21:00,NIFTY,PE,23500.0,NIFTY2692223500PE,210.35,211.85,207.85,207.85,17355,18
2026-09-17 13:21:00,NIFTY,CE,23550.0,NIFTY2692223550CE,37.6,38.15,37.15,38.15,32695,18
2026-09-17 13:21:00,NIFTY,PE,23550.0,NIFTY2692223550PE,246.4,247.85,243.9,244.15,2730,18
2026-09-17 13:21:00,NIFTY,CE,23600.0,NIFTY2692223600CE,26.6,27.3,26.45,27.3,51415,18
2026-09-17 13:21:00,NIFTY,PE,23600.0,NIFTY2692223600PE,285.35,286.7,283.35,283.35,1625,18
2026-09-17 13:21:00,NIFTY,CE,23650.0,NIFTY2692223650CE,19.0,19.4,18.75,19.4,16510,18
2026-09-17 13:21:00,NIFTY,PE,23650.0,NIFTY2692223650PE,328.05,328.3,325.55,325.55,520,18
2026-09-17 13:22:00,NIFTY,FUT,0.0,NIFTY26SEPFUT,23367.3,23367.3,23359.3,23359.3,3445,12
2026-09-17 13:22:00,NIFTY,SPOT,0.0,Nifty 50,23319.1,23319.1,23314.55,23314.55,0,12
2026-09-17 13:22:00,NIFTY,CE,23050.0,NIFTY2692223050CE,326.0,326.0,319.2,319.2,2340,12
2026-09-17 13:22:00,NIFTY,PE,23050.0,NIFTY2692223050PE,37.65,38.25,37.3,38.25,111735,12
2026-09-17 13:22:00,NIFTY,CE,23100.0,NIFTY2692223100CE,282.0,283.05,277.3,277.3,16900,12
2026-09-17 13:22:00,NIFTY,PE,23100.0,NIFTY2692223100PE,46.0,46.9,45.65,46.9,71760,12
2026-09-17 13:22:00,NIFTY,CE,23150.0,NIFTY2692223150CE,242.05,243.7,237.85,237.85,9685,12
2026-09-17 13:22:00,NIFTY,PE,23150.0,NIFTY2692223150PE,56.65,57.4,56.15,57.4,61295,12
2026-09-17 13:22:00,NIFTY,CE,23200.0,NIFTY2692223200CE,204.85,206.35,200.7,200.7,87035,12
2026-09-17 13:22:00,NIFTY,PE,23200.0,NIFTY2692223200PE,69.15,70.6,68.65,70.6,187785,12
2026-09-17 13:22:00,NIFTY,CE,23250.0,NIFTY2692223250CE,170.9,171.0,167.25,167.45,54340,12
2026-09-17 13:22:00,NIFTY,PE,23250.0,NIFTY2692223250PE,84.75,86.1,84.2,86.1,148070,12
2026-09-17 13:22:00,NIFTY,CE,23300.0,NIFTY2692223300CE,139.2,140.45,136.1,136.1,194740,12
2026-09-17 13:22:00,NIFTY,PE,23300.0,NIFTY2692223300PE,104.0,105.7,103.2,105.7,343005,12
2026-09-17 13:22:00,NIFTY,CE,23350.0,NIFTY2692223350CE,111.6,112.55,108.65,108.65,263055,12
2026-09-17 13:22:00,NIFTY,PE,23350.0,NIFTY2692223350PE,125.8,127.95,125.2,127.85,184080,12
2026-09-17 13:22:00,NIFTY,CE,23400.0,NIFTY2692223400CE,87.2,87.9,84.55,84.55,257595,12
2026-09-17 13:22:00,NIFTY,PE,23400.0,NIFTY2692223400PE,151.5,154.45,150.9,154.45,137865,12
2026-09-17 13:22:00,NIFTY,CE,23450.0,NIFTY2692223450CE,66.85,67.3,64.45,64.45,87555,12
2026-09-17 13:22:00,NIFTY,PE,23450.0,NIFTY2692223450PE,181.0,184.0,180.0,184.0,33670,12
2026-09-17 13:22:00,NIFTY,CE,23500.0,NIFTY2692223500CE,50.2,50.45,48.0,48.0,140010,12
2026-09-17 13:22:00,NIFTY,PE,23500.0,NIFTY2692223500PE,213.4,217.05,212.3,217.05,49920,12
2026-09-17 13:22:00,NIFTY,CE,23550.0,NIFTY2692223550CE,36.55,36.9,35.15,35.15,86450,12
2026-09-17 13:22:00,NIFTY,PE,23550.0,NIFTY2692223550PE,250.05,253.5,248.55,253.25,10920,12
2026-09-17 13:22:00,NIFTY,CE,23600.0,NIFTY2692223600CE,26.05,26.15,24.95,24.95,154635,12
2026-09-17 13:22:00,NIFTY,PE,23600.0,NIFTY2692223600PE,290.2,294.35,288.9,294.35,3770,12
2026-09-17 13:22:00,NIFTY,CE,23650.0,NIFTY2692223650CE,18.55,18.65,17.65,17.65,36465,12
2026-09-17 13:22:00,NIFTY,PE,23650.0,NIFTY2692223650PE,332.9,337.0,332.9,337.0,910,12
2026-09-17 13:23:00,NIFTY,FUT,0.0,NIFTY26SEPFUT,23359.3,23359.4,23356.0,23356.2,2340,30
2026-09-17 13:23:00,NIFTY,SPOT,0.0,Nifty 50,23315.4,23316.4,23313.75,23315.45,0,30
2026-09-17 13:23:00,NIFTY,CE,23050.0,NIFTY2692223050CE,319.2,320.5,317.2,320.5,4680,30
2026-09-17 13:23:00,NIFTY,PE,23050.0,NIFTY2692223050PE,38.05,38.25,37.4,37.4,75335,30
2026-09-17 13:23:00,NIFTY,CE,23100.0,NIFTY2692223100CE,278.0,280.0,276.6,280.0,28860,30
2026-09-17 13:23:00,NIFTY,PE,23100.0,NIFTY2692223100PE,46.7,46.8,46.05,46.05,156260,30
2026-09-17 13:23:00,NIFTY,CE,23150.0,NIFTY2692223150CE,238.4,241.15,236.95,241.15,21125,30
2026-09-17 13:23:00,NIFTY,PE,23150.0,NIFTY2692223150PE,57.4,57.7,56.45,56.45,79170,30
2026-09-17 13:23:00,NIFTY,CE,23200.0,NIFTY2692223200CE,201.9,203.95,200.0,203.35,82810,30
2026-09-17 13:23:00,NIFTY,PE,23200.0,NIFTY2692223200PE,70.25,70.6,69.25,69.55,338130,30
2026-09-17 13:23:00,NIFTY,CE,23250.0,NIFTY2692223250CE,167.25,169.05,165.7,169.05,63180,30
2026-09-17 13:23:00,NIFTY,PE,23250.0,NIFTY2692223250PE,86.15,86.65,85.1,85.1,201110,30
2026-09-17 13:23:00,NIFTY,CE,23300.0,NIFTY2692223300CE,136.7,138.5,135.3,137.8,247780,30
2026-09-17 13:23:00,NIFTY,PE,23300.0,NIFTY2692223300PE,105.3,106.0,103.75,104.0,589420,30
2026-09-17 13:23:00,NIFTY,CE,23350.0,NIFTY2692223350CE,109.2,110.7,107.95,110.4,237835,30
2026-09-17 13:23:00,NIFTY,PE,23350.0,NIFTY2692223350PE,127.65,128.3,125.75,126.2,349895,30
2026-09-17 13:23:00,NIFTY,CE,23400.0,NIFTY2692223400CE,85.15,86.4,84.25,86.4,346450,30
2026-09-17 13:23:00,NIFTY,PE,23400.0,NIFTY2692223400PE,153.75,154.7,151.85,151.85,236860,30
2026-09-17 13:23:00,NIFTY,CE,23450.0,NIFTY2692223450CE,65.0,65.6,63.9,65.6,138970,30
2026-09-17 13:23:00,NIFTY,PE,23450.0,NIFTY2692223450PE,183.15,184.1,181.25,181.25,63505,30
2026-09-17 13:23:00,NIFTY,CE,23500.0,NIFTY2692223500CE,48.4,49.1,47.6,49.1,290485,30
2026-09-17 13:23:00,NIFTY,PE,23500.0,NIFTY2692223500PE,216.7,217.85,213.8,213.8,69290,30
2026-09-17 13:23:00,NIFTY,CE,23550.0,NIFTY2692223550CE,35.35,35.75,34.65,35.75,230815,30
2026-09-17 13:23:00,NIFTY,PE,23550.0,NIFTY2692223550PE,253.9,254.3,251.45,252.35,7735,30
2026-09-17 13:23:00,NIFTY,CE,23600.0,NIFTY2692223600CE,25.05,25.4,24.55,25.4,137995,30
2026-09-17 13:23:00,NIFTY,PE,23600.0,NIFTY2692223600PE,294.35,294.5,291.75,292.15,6110,30
2026-09-17 13:23:00,NIFTY,CE,23650.0,NIFTY2692223650CE,17.8,18.1,17.45,17.95,97240,30
2026-09-17 13:23:00,NIFTY,PE,23650.0,NIFTY2692223650PE,336.05,336.65,334.55,335.0,845,30
2026-09-17 13:24:00,NIFTY,FUT,0.0,NIFTY26SEPFUT,23365.0,23365.0,23356.0,23356.0,3510,31
2026-09-17 13:24:00,NIFTY,SPOT,0.0,Nifty 50,23315.85,23315.85,23308.8,23310.55,0,31
2026-09-17 13:24:00,NIFTY,CE,23050.0,NIFTY2692223050CE,320.5,320.5,314.15,316.0,3315,31
2026-09-17 13:24:00,NIFTY,PE,23050.0,NIFTY2692223050PE,37.6,38.85,37.6,38.7,82420,31
2026-09-17 13:24:00,NIFTY,CE,23100.0,NIFTY2692223100CE,279.6,279.6,273.1,274.4,41145,31
2026-09-17 13:24:00,NIFTY,PE,23100.0,NIFTY2692223100PE,46.2,47.65,46.2,47.5,158405,31
2026-09-17 13:24:00,NIFTY,CE,23150.0,NIFTY2692223150CE,240.5,240.5,234.2,234.7,23335,31
2026-09-17 13:24:00,NIFTY,PE,23150.0,NIFTY2692223150PE,56.8,58.6,56.8,58.5,137605,31
2026-09-17 13:24:00,NIFTY,CE,23200.0,NIFTY2692223200CE,203.35,203.35,196.7,198.5,113815,31
2026-09-17 13:24:00,NIFTY,PE,23200.0,NIFTY2692223200PE,69.65,71.75,69.6,71.45,288015,31
2026-09-17 13:24:00,NIFTY,CE,23250.0,NIFTY2692223250CE,168.8,168.8,163.6,163.9,94575,31
2026-09-17 13:24:00,NIFTY,PE,23250.0,NIFTY2692223250PE,85.35,87.65,85.35,87.4,283790,31
2026-09-17 13:24:00,NIFTY,CE,23300.0,NIFTY2692223300CE,137.85,137.85,133.6,133.85,319085,31
2026-09-17 13:24:00,NIFTY,PE,23300.0,NIFTY2692223300PE,104.35,107.35,104.35,107.0,668395,31
2026-09-17 13:24:00,NIFTY,CE,23350.0,NIFTY2692223350CE,110.2,110.2,106.4,106.45,237510,31
2026-09-17 13:24:00,NIFTY,PE,23350.0,NIFTY2692223350PE,126.55,129.65,126.55,129.65,375765,31
2026-09-17 13:24:00,NIFTY,CE,23400.0,NIFTY2692223400CE,86.0,86.0,82.1,83.05,327080,31
2026-09-17 13:24:00,NIFTY,PE,23400.0,NIFTY2692223400PE,151.9,156.65,151.9,155.8,281710,31
2026-09-17 13:24:00,NIFTY,CE,23450.0,NIFTY2692223450CE,65.75,65.75,62.5,63.15,136305,31
2026-09-17 13:24:00,NIFTY,PE,23450.0,NIFTY2692223450PE,181.5,186.35,181.5,186.2,62400,31
2026-09-17 13:24:00,NIFTY,CE,23500.0,NIFTY2692223500CE,48.85,48.85,46.45,46.65,275535,31
2026-09-17 13:24:00,NIFTY,PE,23500.0,NIFTY2692223500PE,214.5,219.95,214.5,219.8,115245,31
2026-09-17 13:24:00,NIFTY,CE,23550.0,NIFTY2692223550CE,35.55,35.55,33.55,33.85,143390,31
2026-09-17 13:24:00,NIFTY,PE,23550.0,NIFTY2692223550PE,252.35,256.55,251.0,255.75,12545,31
2026-09-17 13:24:00,NIFTY,CE,23600.0,NIFTY2692223600CE,25.25,25.25,23.9,23.9,287430,31
2026-09-17 13:24:00,NIFTY,PE,23600.0,NIFTY2692223600PE,291.6,297.5,291.6,296.75,23140,31
2026-09-17 13:24:00,NIFTY,CE,23650.0,NIFTY2692223650CE,17.95,17.95,17.0,17.1,106860,31
2026-09-17 13:24:00,NIFTY,PE,23650.0,NIFTY2692223650PE,335.0,341.25,335.0,339.45,2535,31
2026-09-17 13:25:00,NIFTY,FUT,0.0,NIFTY26SEPFUT,23356.0,23356.0,23340.1,23340.3,15145,29
2026-09-17 13:25:00,NIFTY,SPOT,0.0,Nifty 50,23309.85,23309.85,23297.55,23298.85,0,29
2026-09-17 13:25:00,NIFTY,CE,23050.0,NIFTY2692223050CE,316.0,316.0,307.55,310.5,9035,29
2026-09-17 13:25:00,NIFTY,PE,23050.0,NIFTY2692223050PE,38.5,40.6,38.5,39.9,213200,29
2026-09-17 13:25:00,NIFTY,CE,23100.0,NIFTY2692223100CE,274.35,274.95,266.65,269.0,58630,29
2026-09-17 13:25:00,NIFTY,PE,23100.0,NIFTY2692223100PE,47.35,49.95,47.35,48.95,384215,29
2026-09-17 13:25:00,NIFTY,CE,23150.0,NIFTY2692223150CE,234.75,235.0,228.05,230.15,39520,29
2026-09-17 13:25:00,NIFTY,PE,23150.0,NIFTY2692223150PE,58.15,61.35,58.15,60.15,471510,29
2026-09-17 13:25:00,NIFTY,CE,23200.0,NIFTY2692223200CE,198.4,198.5,191.55,193.9,267800,29
2026-09-17 13:25:00,NIFTY,PE,23200.0,NIFTY2692223200PE,71.1,74.8,71.1,73.85,920790,29
2026-09-17 13:25:00,NIFTY,CE,23250.0,NIFTY2692223250CE,164.7,164.7,158.7,160.45,223535,29
2026-09-17 13:25:00,NIFTY,PE,23250.0,NIFTY2692223250PE,87.15,91.6,87.15,90.35,657540,29
2026-09-17 13:25:00,NIFTY,CE,23300.0,NIFTY2692223300CE,134.15,134.3,128.65,130.4,645775,29
2026-09-17 13:25:00,NIFTY,PE,23300.0,NIFTY2692223300PE,106.5,111.65,106.5,110.2,1466205,29
2026-09-17 13:25:00,NIFTY,CE,23350.0,NIFTY2692223350CE,106.6,106.75,101.75,103.4,485875,29
2026-09-17 13:25:00,NIFTY,PE,23350.0,NIFTY2692223350PE,128.9,135.05,128.9,132.95,794820,29
2026-09-17 13:25:00,NIFTY,CE,23400.0,NIFTY2692223400CE,83.1,83.1,79.2,80.4,645580,29
2026-09-17 13:25:00,NIFTY,PE,23400.0,NIFTY2692223400PE,155.2,162.3,155.2,160.6,771420,29
2026-09-17 13:25:00,NIFTY,CE,23450.0,NIFTY2692223450CE,63.0,63.0,59.85,61.15,301340,29
2026-09-17 13:25:00,NIFTY,PE,23450.0,NIFTY2692223450PE,185.35,192.9,185.35,190.5,129805,29
2026-09-17 13:25:00,NIFTY,CE,23500.0,NIFTY2692223500CE,46.9,46.9,44.3,45.4,510510,29
2026-09-17 13:25:00,NIFTY,PE,23500.0,NIFTY2692223500PE,218.9,226.8,218.8,224.2,205335,29
2026-09-17 13:25:00,NIFTY,CE,23550.0,NIFTY2692223550CE,33.85,34.1,32.15,32.95,243815,29
2026-09-17 13:25:00,NIFTY,PE,23550.0,NIFTY2692223550PE,256.25,264.7,256.05,261.9,27690,29
2026-09-17 13:25:00,NIFTY,CE,23600.0,NIFTY2692223600CE,23.95,24.0,22.7,23.35,330980,29
2026-09-17 13:25:00,NIFTY,PE,23600.0,NIFTY2692223600PE,296.75,304.9,296.1,302.3,26195,29
2026-09-17 13:25:00,NIFTY,CE,23650.0,NIFTY2692223650CE,16.95,17.15,16.15,16.65,166335,29
2026-09-17 13:25:00,NIFTY,PE,23650.0,NIFTY2692223650PE,339.45,349.05,339.05,346.7,3380,29
2026-09-17 13:26:00,NIFTY,FUT,0.0,NIFTY26SEPFUT,23344.0,23348.0,23336.0,23336.0,2860,30
2026-09-17 13:26:00,NIFTY,SPOT,0.0,Nifty 50,23298.6,23298.75,23289.95,23289.95,0,30
2026-09-17 13:26:00,NIFTY,CE,23050.0,NIFTY2692223050CE,306.8,308.35,299.0,299.0,10335,30
2026-09-17 13:26:00,NIFTY,PE,23050.0,NIFTY2692223050PE,40.5,43.4,40.45,43.4,265265,30
2026-09-17 13:26:00,NIFTY,CE,23100.0,NIFTY2692223100CE,266.2,267.65,258.45,258.45,63245,30
2026-09-17 13:26:00,NIFTY,PE,23100.0,NIFTY2692223100PE,49.9,53.2,49.85,53.2,481130,30
2026-09-17 13:26:00,NIFTY,CE,23150.0,NIFTY2692223150CE,227.8,228.75,220.3,220.3,32110,30
2026-09-17 13:26:00,NIFTY,PE,23150.0,NIFTY2692223150PE,61.05,65.2,61.05,65.2,335595,30
2026-09-17 13:26:00,NIFTY,CE,23200.0,NIFTY2692223200CE,191.8,192.85,184.9,184.9,196430,30
2026-09-17 13:26:00,NIFTY,PE,23200.0,NIFTY2692223200PE,74.95,79.7,74.6,79.7,1028235,30
2026-09-17 13:26:00,NIFTY,CE,23250.0,NIFTY2692223250CE,158.1,159.15,152.75,152.75,207025,30
2026-09-17 13:26:00,NIFTY,PE,23250.0,NIFTY2692223250PE,91.9,96.75,91.5,96.75,727415,30
2026-09-17 13:26:00,NIFTY,CE,23300.0,NIFTY2692223300CE,128.55,129.6,123.15,123.15,499980,30
2026-09-17 13:26:00,NIFTY,PE,23300.0,NIFTY2692223300PE,111.7,118.3,111.45,118.3,1471730,30
2026-09-17 13:26:00,NIFTY,CE,23350.0,NIFTY2692223350CE,102.1,103.05,97.9,97.9,405600,30
2026-09-17 13:26:00,NIFTY,PE,23350.0,NIFTY2692223350PE,135.0,142.0,134.7,142.0,601185,30
2026-09-17 13:26:00,NIFTY,CE,23400.0,NIFTY2692223400CE,79.2,79.9,75.8,75.8,550420,30
2026-09-17 13:26:00,NIFTY,PE,23400.0,NIFTY2692223400PE,162.35,169.7,162.0,169.7,621985,30
2026-09-17 13:26:00,NIFTY,CE,23450.0,NIFTY2692223450CE,59.85,60.55,57.3,57.3,215995,30
2026-09-17 13:26:00,NIFTY,PE,23450.0,NIFTY2692223450PE,193.1,201.25,192.65,201.25,90675,30
2026-09-17 13:26:00,NIFTY,CE,23500.0,NIFTY2692223500CE,44.4,45.05,42.45,42.45,486720,30
2026-09-17 13:26:00,NIFTY,PE,23500.0,NIFTY2692223500PE,227.7,235.4,226.6,235.4,134615,30
2026-09-17 13:26:00,NIFTY,CE,23550.0,NIFTY2692223550CE,32.25,32.7,30.75,30.75,276705,30
2026-09-17 13:26:00,NIFTY,PE,23550.0,NIFTY2692223550PE,265.75,274.55,264.45,274.55,23075,30
2026-09-17 13:26:00,NIFTY,CE,23600.0,NIFTY2692223600CE,22.75,23.15,21.8,21.8,290420,30
2026-09-17 13:26:00,NIFTY,PE,23600.0,NIFTY2692223600PE,305.0,314.65,304.75,314.65,33085,30
2026-09-17 13:26:00,NIFTY,CE,23650.0,NIFTY2692223650CE,16.3,16.55,15.6,15.6,214955,30
2026-09-17 13:26:00,NIFTY,PE,23650.0,NIFTY2692223650PE,347.05,353.3,347.05,353.3,3510,30
2026-09-17 13:27:00,NIFTY,FUT,0.0,NIFTY26SEPFUT,23334.6,23335.2,23312.3,23312.3,29575,29
2026-09-17 13:27:00,NIFTY,SPOT,0.0,Nifty 50,23289.75,23290.9,23274.4,23275.5,0,29
2026-09-17 13:27:00,NIFTY,CE,23050.0,NIFTY2692223050CE,297.85,300.8,287.7,289.6,18265,29
2026-09-17 13:27:00,NIFTY,PE,23050.0,NIFTY2692223050PE,42.95,46.15,42.6,45.7,387075,29
2026-09-17 13:27:00,NIFTY,CE,23100.0,NIFTY2692223100CE,258.2,262.0,248.65,249.4,105040,29
2026-09-17 13:27:00,NIFTY,PE,23100.0,NIFTY2692223100PE,52.8,56.6,52.2,55.95,889850,29
2026-09-17 13:27:00,NIFTY,CE,23150.0,NIFTY2692223150CE,221.7,223.25,211.05,212.35,77090,29
2026-09-17 13:27:00,NIFTY,PE,23150.0,NIFTY2692223150PE,64.7,69.25,63.95,68.75,641355,29
2026-09-17 13:27:00,NIFTY,CE,23200.0,NIFTY2692223200CE,185.65,187.1,176.35,177.8,395135,29
2026-09-17 13:27:00,NIFTY,PE,23200.0,NIFTY2692223200PE,78.7,84.4,78.35,83.65,1593995,29
2026-09-17 13:27:00,NIFTY,CE,23250.0,NIFTY2692223250CE,152.6,154.35,144.7,146.1,474760,29
2026-09-17 13:27:00,NIFTY,PE,23250.0,NIFTY2692223250PE,97.2,102.75,95.7,102.1,1550835,29
2026-09-17 13:27:00,NIFTY,CE,23300.0,NIFTY2692223300CE,123.9,125.45,116.8,117.3,1390805,29
2026-09-17 13:27:00,NIFTY,PE,23300.0,NIFTY2692223300PE,116.75,124.25,116.35,123.5,2647580,29
2026-09-17 13:27:00,NIFTY,CE,23350.0,NIFTY2692223350CE,98.55,99.6,91.65,92.85,743340,29
2026-09-17 13:27:00,NIFTY,PE,23350.0,NIFTY2692223350PE,140.85,149.4,139.95,148.45,954915,29
2026-09-17 13:27:00,NIFTY,CE,23400.0,NIFTY2692223400CE,75.9,77.0,70.6,71.3,994305,29
2026-09-17 13:27:00,NIFTY,PE,23400.0,NIFTY2692223400PE,169.15,178.45,168.05,177.75,712075,29
2026-09-17 13:27:00,NIFTY,CE,23450.0,NIFTY2692223450CE,57.5,58.5,53.3,53.8,441415,29
2026-09-17 13:27:00,NIFTY,PE,23450.0,NIFTY2692223450PE,200.8,211.1,199.55,209.85,169910,29
2026-09-17 13:27:00,NIFTY,CE,23500.0,NIFTY2692223500CE,42.55,43.35,39.35,39.85,937105,29
2026-09-17 13:27:00,NIFTY,PE,23500.0,NIFTY2692223500PE,235.15,246.0,233.0,244.7,251810,29
2026-09-17 13:27:00,NIFTY,CE,23550.0,NIFTY2692223550CE,31.05,31.45,28.45,28.75,404365,29
2026-09-17 13:27:00,NIFTY,PE,23550.0,NIFTY2692223550PE,273.1,285.75,272.0,284.85,41080,29
2026-09-17 13:27:00,NIFTY,CE,23600.0,NIFTY2692223600CE,21.8,22.25,20.1,20.4,762580,29
2026-09-17 13:27:00,NIFTY,PE,23600.0,NIFTY2692223600PE,316.25,327.65,312.9,326.55,31005,29
2026-09-17 13:27:00,NIFTY,CE,23650.0,NIFTY2692223650CE,15.7,16.05,14.6,14.65,591695,29
2026-09-17 13:27:00,NIFTY,PE,23650.0,NIFTY2692223650PE,357.9,371.7,355.6,370.0,11765,29
