timestamp,asset,instrument_type,strike,trading_symbol,traded_price,traded_qty,aggressor_side,cumulative_vol,open_interest
2026-09-16 14:39:05.106,CRUDEOIL,FUT,0.0,CRUDEOIL21SEP26FUT,10069.0,100,BUY_AGGRESSOR,1188000,1581800
2026-09-16 14:39:05.106,CRUDEOIL,CE,9800.0,CRUDEOIL17SEP269800CE,345.2,200,BUY_AGGRESSOR,1128100,190300
2026-09-16 14:39:05.106,CRUDEOIL,PE,9800.0,CRUDEOIL17SEP269800PE,78.6,100,BUY,4869200,848900
2026-09-16 14:39:05.106,CRUDEOIL,PE,9900.0,CRUDEOIL17SEP269900PE,108.0,800,SELL_AGGRESSOR,6132600,1024300
2026-09-16 14:39:05.106,CRUDEOIL,PE,9950.0,CRUDEOIL17SEP269950PE,127.0,100,SELL_AGGRESSOR,2578300,362500
2026-09-16 14:39:05.106,CRUDEOIL,CE,10000.0,CRUDEOIL17SEP2610000CE,216.4,100,BUY_AGGRESSOR,8451000,1001800
2026-09-16 14:39:05.106,CRUDEOIL,PE,10000.0,CRUDEOIL17SEP2610000PE,148.7,700,SELL_AGGRESSOR,10497200,1055100
2026-09-16 14:39:05.106,CRUDEOIL,CE,10050.0,CRUDEOIL17SEP2610050CE,191.8,900,BUY_AGGRESSOR,3338500,223000
2026-09-16 14:39:05.106,CRUDEOIL,PE,10050.0,CRUDEOIL17SEP2610050PE,174.2,100,SELL_AGGRESSOR,2282700,186400
2026-09-16 14:39:05.106,CRUDEOIL,CE,10100.0,CRUDEOIL17SEP2610100CE,167.0,400,INSIDE,4441600,419200
2026-09-16 14:39:05.106,CRUDEOIL,PE,10100.0,CRUDEOIL17SEP2610100PE,200.0,1900,SELL_AGGRESSOR,2835800,245500
2026-09-16 14:39:05.106,CRUDEOIL,CE,10150.0,CRUDEOIL17SEP2610150CE,146.6,1100,BUY_AGGRESSOR,1571400,189400
2026-09-16 14:39:05.106,CRUDEOIL,CE,10200.0,CRUDEOIL17SEP2610200CE,128.9,500,BUY_AGGRESSOR,4276600,430200
2026-09-16 14:39:05.106,CRUDEOIL,CE,10250.0,CRUDEOIL17SEP2610250CE,112.9,100,BUY_AGGRESSOR,1228800,190500
2026-09-16 14:39:05.106,CRUDEOIL,CE,10300.0,CRUDEOIL17SEP2610300CE,98.4,600,BUY_AGGRESSOR,2662500,249900
2026-09-16 14:39:05.106,CRUDEOIL,CE,10350.0,CRUDEOIL17SEP2610350CE,86.3,100,BUY_AGGRESSOR,648200,88500
2026-09-16 14:39:05.106,CRUDEOILM,FUT,0.0,CRUDEOILM21SEP26FUT,10068.0,10,SELL,379690,465110
2026-09-16 14:39:05.106,CRUDEOILM,PE,9750.0,CRUDEOILM17SEP269750PE,66.0,20,SELL_AGGRESSOR,513210,146870
2026-09-16 14:39:05.106,CRUDEOILM,CE,9800.0,CRUDEOILM17SEP269800CE,347.0,100,BUY_AGGRESSOR,183370,26760
2026-09-16 14:39:05.106,CRUDEOILM,PE,9800.0,CRUDEOILM17SEP269800PE,80.55,10,BUY,1171790,187940
2026-09-16 14:39:05.106,CRUDEOILM,PE,9850.0,CRUDEOILM17SEP269850PE,93.65,3990,SELL_AGGRESSOR,742370,150630
2026-09-16 14:39:05.106,CRUDEOILM,PE,9900.0,CRUDEOILM17SEP269900PE,110.55,90,SELL_AGGRESSOR,1731140,217250
2026-09-16 14:39:05.106,CRUDEOILM,PE,9950.0,CRUDEOILM17SEP269950PE,129.0,400,SELL_AGGRESSOR,1384930,170280
2026-09-16 14:39:05.106,CRUDEOILM,CE,10000.0,CRUDEOILM17SEP2610000CE,221.6,2080,BUY_AGGRESSOR,2528090,204300
2026-09-16 14:39:05.106,CRUDEOILM,PE,10000.0,CRUDEOILM17SEP2610000PE,151.45,480,SELL_AGGRESSOR,3241280,316800
2026-09-16 14:39:05.106,CRUDEOILM,CE,10050.0,CRUDEOILM17SEP2610050CE,196.5,670,BUY_AGGRESSOR,1994010,141990
2026-09-16 14:39:05.106,CRUDEOILM,PE,10050.0,CRUDEOILM17SEP2610050PE,177.25,290,SELL_AGGRESSOR,1520050,135780
2026-09-16 14:39:05.106,CRUDEOILM,CE,10100.0,CRUDEOILM17SEP2610100CE,172.5,440,BUY_AGGRESSOR,1682150,134470
2026-09-16 14:39:05.106,CRUDEOILM,PE,10100.0,CRUDEOILM17SEP2610100PE,204.7,1000,BUY_AGGRESSOR,847250,70340
2026-09-16 14:39:05.106,CRUDEOILM,CE,10150.0,CRUDEOILM17SEP2610150CE,151.35,420,BUY_AGGRESSOR,912310,87320
2026-09-16 14:39:05.106,CRUDEOILM,PE,10150.0,CRUDEOILM17SEP2610150PE,233.15,240,SELL_AGGRESSOR,353760,24970
2026-09-16 14:39:05.106,CRUDEOILM,CE,10200.0,CRUDEOILM17SEP2610200CE,132.65,180,BUY_AGGRESSOR,1394780,121310
2026-09-16 14:39:05.106,CRUDEOILM,PE,10200.0,CRUDEOILM17SEP2610200PE,264.3,40,SELL_AGGRESSOR,429330,29360
2026-09-16 14:39:05.106,CRUDEOILM,PE,10250.0,CRUDEOILM17SEP2610250PE,297.65,10,BUY,76970,7140
2026-09-16 14:39:05.106,CRUDEOILM,CE,10300.0,CRUDEOILM17SEP2610300CE,100.5,30,BUY_AGGRESSOR,1002940,81270
2026-09-16 14:39:05.106,CRUDEOILM,CE,10350.0,CRUDEOILM17SEP2610350CE,88.6,500,BUY_AGGRESSOR,312660,42770
2026-09-16 14:39:07.003,CRUDEOIL,FUT,0.0,CRUDEOIL21SEP26FUT,10069.0,500,INSIDE,1188500,1582300
2026-09-16 14:39:07.003,CRUDEOIL,PE,9800.0,CRUDEOIL17SEP269800PE,77.9,500,SELL_AGGRESSOR,4869700,849400
2026-09-16 14:39:07.003,CRUDEOIL,PE,9850.0,CRUDEOIL17SEP269850PE,90.6,1100,SELL_AGGRESSOR,1491500,347200
2026-09-16 14:39:07.003,CRUDEOIL,CE,9900.0,CRUDEOIL17SEP269900CE,277.3,100,BUY_AGGRESSOR,2719500,416600
2026-09-16 14:39:07.003,CRUDEOIL,PE,9900.0,CRUDEOIL17SEP269900PE,107.1,1500,SELL_AGGRESSOR,6134100,1024300
2026-09-16 14:39:07.003,CRUDEOIL,CE,9950.0,CRUDEOIL17SEP269950CE,246.4,200,BUY,1147800,88600
2026-09-16 14:39:07.003,CRUDEOIL,PE,9950.0,CRUDEOIL17SEP269950PE,126.5,400,SELL_AGGRESSOR,2578700,362700
2026-09-16 14:39:07.003,CRUDEOIL,CE,10000.0,CRUDEOIL17SEP2610000CE,218.0,1500,BUY_AGGRESSOR,8452500,1003200
2026-09-16 14:39:07.003,CRUDEOIL,PE,10000.0,CRUDEOIL17SEP2610000PE,148.6,100,SELL,10497300,1055200
2026-09-16 14:39:07.003,CRUDEOIL,CE,10050.0,CRUDEOIL17SEP2610050CE,193.6,400,BUY_AGGRESSOR,3338900,223100
2026-09-16 14:39:07.003,CRUDEOIL,PE,10050.0,CRUDEOIL17SEP2610050PE,173.0,100,SELL_AGGRESSOR,2282800,186500
2026-09-16 14:39:07.003,CRUDEOIL,CE,10100.0,CRUDEOIL17SEP2610100CE,167.3,2100,SELL_AGGRESSOR,4443700,419300
2026-09-16 14:39:07.003,CRUDEOIL,PE,10100.0,CRUDEOIL17SEP2610100PE,198.6,900,SELL_AGGRESSOR,2836700,246800
2026-09-16 14:39:07.003,CRUDEOIL,PE,10150.0,CRUDEOIL17SEP2610150PE,228.0,300,SELL_AGGRESSOR,591000,43000
2026-09-16 14:39:07.003,CRUDEOIL,CE,10200.0,CRUDEOIL17SEP2610200CE,129.2,400,BUY,4277000,430200
2026-09-16 14:39:07.003,CRUDEOIL,PE,10200.0,CRUDEOIL17SEP2610200PE,260.0,200,SELL_AGGRESSOR,1816100,141100
2026-09-16 14:39:07.003,CRUDEOIL,CE,10250.0,CRUDEOIL17SEP2610250CE,113.9,200,BUY_AGGRESSOR,1229000,190700
2026-09-16 14:39:07.003,CRUDEOIL,CE,10300.0,CRUDEOIL17SEP2610300CE,98.4,300,BUY_AGGRESSOR,2662800,249900
2026-09-16 14:39:07.003,CRUDEOILM,FUT,0.0,CRUDEOILM21SEP26FUT,10069.0,30,SELL_AGGRESSOR,379720,465130
2026-09-16 14:39:07.003,CRUDEOILM,PE,9800.0,CRUDEOILM17SEP269800PE,79.45,120,SELL,1171910,187950
2026-09-16 14:39:07.003,CRUDEOILM,PE,9850.0,CRUDEOILM17SEP269850PE,93.2,70,SELL_AGGRESSOR,742440,150690
2026-09-16 14:39:07.003,CRUDEOILM,PE,9900.0,CRUDEOILM17SEP269900PE,110.55,20,BUY_AGGRESSOR,1731160,217280
2026-09-16 14:39:07.003,CRUDEOILM,CE,9950.0,CRUDEOILM17SEP269950CE,248.5,50,SELL_AGGRESSOR,744380,45550
2026-09-16 14:39:07.003,CRUDEOILM,PE,9950.0,CRUDEOILM17SEP269950PE,128.8,20,SELL_AGGRESSOR,1384950,170280
2026-09-16 14:39:07.003,CRUDEOILM,CE,10000.0,CRUDEOILM17SEP2610000CE,220.7,30,SELL_AGGRESSOR,2528120,204270
2026-09-16 14:39:07.003,CRUDEOILM,PE,10000.0,CRUDEOILM17SEP2610000PE,151.0,430,SELL_AGGRESSOR,3241710,316820
2026-09-16 14:39:07.003,CRUDEOILM,CE,10050.0,CRUDEOILM17SEP2610050CE,195.45,260,SELL_AGGRESSOR,1994270,142100
2026-09-16 14:39:07.003,CRUDEOILM,PE,10050.0,CRUDEOILM17SEP2610050PE,177.2,20,SELL,1520070,135780
2026-09-16 14:39:07.003,CRUDEOILM,CE,10100.0,CRUDEOILM17SEP2610100CE,172.95,1300,BUY_AGGRESSOR,1683450,134580
2026-09-16 14:39:07.003,CRUDEOILM,PE,10100.0,CRUDEOILM17SEP2610100PE,202.35,100,SELL,847350,70320
2026-09-16 14:39:07.003,CRUDEOILM,CE,10150.0,CRUDEOILM17SEP2610150CE,149.7,150,SELL_AGGRESSOR,912460,87310
2026-09-16 14:39:07.003,CRUDEOILM,CE,10200.0,CRUDEOILM17SEP2610200CE,132.05,40,SELL,1394820,121310
2026-09-16 14:39:07.003,CRUDEOILM,CE,10300.0,CRUDEOILM17SEP2610300CE,100.95,30,BUY,1002970,81270
2026-09-16 14:39:08.950,CRUDEOIL,FUT,0.0,CRUDEOIL21SEP26FUT,10071.0,200,BUY,1188700,1582300
2026-09-16 14:39:08.950,CRUDEOIL,PE,9850.0,CRUDEOIL17SEP269850PE,91.1,400,BUY,1491900,347400
2026-09-16 14:39:08.950,CRUDEOIL,PE,9900.0,CRUDEOIL17SEP269900PE,107.6,100,BUY,6134200,1024400
2026-09-16 14:39:08.950,CRUDEOIL,CE,9950.0,CRUDEOIL17SEP269950CE,246.0,200,SELL_AGGRESSOR,1148000,88600
2026-09-16 14:39:08.950,CRUDEOIL,PE,9950.0,CRUDEOIL17SEP269950PE,126.4,100,SELL,2578800,362700
2026-09-16 14:39:08.950,CRUDEOIL,CE,10000.0,CRUDEOIL17SEP2610000CE,217.9,800,SELL,8453300,1003200
2026-09-16 14:39:08.950,CRUDEOIL,PE,10000.0,CRUDEOIL17SEP2610000PE,148.7,600,BUY_AGGRESSOR,10497900,1055800
2026-09-16 14:39:08.950,CRUDEOIL,CE,10050.0,CRUDEOIL17SEP2610050CE,192.3,300,SELL_AGGRESSOR,3339200,223300
2026-09-16 14:39:08.950,CRUDEOIL,PE,10050.0,CRUDEOIL17SEP2610050PE,173.0,200,SELL_AGGRESSOR,2283000,186600
2026-09-16 14:39:08.950,CRUDEOIL,CE,10150.0,CRUDEOIL17SEP2610150CE,147.9,300,BUY_AGGRESSOR,1571700,189400
2026-09-16 14:39:08.950,CRUDEOIL,PE,10150.0,CRUDEOIL17SEP2610150PE,228.7,200,BUY_AGGRESSOR,591200,43100
2026-09-16 14:39:08.950,CRUDEOIL,CE,10250.0,CRUDEOIL17SEP2610250CE,113.9,100,INSIDE,1229100,190700
2026-09-16 14:39:08.950,CRUDEOIL,CE,10300.0,CRUDEOIL17SEP2610300CE,98.9,300,BUY_AGGRESSOR,2663100,250700
2026-09-16 14:39:08.950,CRUDEOIL,PE,10300.0,CRUDEOIL17SEP2610300PE,328.1,200,SELL_AGGRESSOR,656200,27900
2026-09-16 14:39:08.950,CRUDEOILM,FUT,0.0,CRUDEOILM21SEP26FUT,10072.0,280,BUY_AGGRESSOR,380000,465140
2026-09-16 14:39:08.950,CRUDEOILM,CE,9750.0,CRUDEOILM17SEP269750CE,384.9,20,BUY_AGGRESSOR,73330,7230
2026-09-16 14:39:08.950,CRUDEOILM,PE,9750.0,CRUDEOILM17SEP269750PE,65.5,270,SELL_AGGRESSOR,513480,146870
2026-09-16 14:39:08.950,CRUDEOILM,CE,9800.0,CRUDEOILM17SEP269800CE,350.2,70,BUY_AGGRESSOR,183440,26760
2026-09-16 14:39:08.950,CRUDEOILM,PE,9800.0,CRUDEOILM17SEP269800PE,79.5,450,BUY,1172360,187960
2026-09-16 14:39:08.950,CRUDEOILM,CE,9850.0,CRUDEOILM17SEP269850CE,314.6,100,BUY_AGGRESSOR,206670,28300
2026-09-16 14:39:08.950,CRUDEOILM,PE,9850.0,CRUDEOILM17SEP269850PE,92.65,790,SELL_AGGRESSOR,743230,150680
2026-09-16 14:39:08.950,CRUDEOILM,CE,9900.0,CRUDEOILM17SEP269900CE,281.0,180,BUY_AGGRESSOR,481590,46410
2026-09-16 14:39:08.950,CRUDEOILM,PE,9900.0,CRUDEOILM17SEP269900PE,109.75,2550,SELL_AGGRESSOR,1733710,217300
2026-09-16 14:39:08.950,CRUDEOILM,CE,9950.0,CRUDEOILM17SEP269950CE,250.75,210,BUY_AGGRESSOR,744590,45480
2026-09-16 14:39:08.950,CRUDEOILM,PE,9950.0,CRUDEOILM17SEP269950PE,128.2,2190,SELL_AGGRESSOR,1387140,170280
2026-09-16 14:39:08.950,CRUDEOILM,CE,10000.0,CRUDEOILM17SEP2610000CE,221.8,900,BUY_AGGRESSOR,2529020,204340
2026-09-16 14:39:08.950,CRUDEOILM,PE,10000.0,CRUDEOILM17SEP2610000PE,151.0,2080,SELL_AGGRESSOR,3243790,316780
2026-09-16 14:39:08.950,CRUDEOILM,CE,10050.0,CRUDEOILM17SEP2610050CE,196.95,880,BUY_AGGRESSOR,1995150,142090
2026-09-16 14:39:08.950,CRUDEOILM,PE,10050.0,CRUDEOILM17SEP2610050PE,176.05,540,SELL_AGGRESSOR,1520610,135850
2026-09-16 14:39:08.950,CRUDEOILM,CE,10100.0,CRUDEOILM17SEP2610100CE,172.9,1100,BUY_AGGRESSOR,1684550,134580
2026-09-16 14:39:08.950,CRUDEOILM,PE,10100.0,CRUDEOILM17SEP2610100PE,201.65,1390,SELL_AGGRESSOR,848740,70190
2026-09-16 14:39:08.950,CRUDEOILM,CE,10150.0,CRUDEOILM17SEP2610150CE,151.8,250,BUY_AGGRESSOR,912710,87170
2026-09-16 14:39:08.950,CRUDEOILM,PE,10150.0,CRUDEOILM17SEP2610150PE,232.4,400,SELL_AGGRESSOR,354160,25110
2026-09-16 14:39:08.950,CRUDEOILM,CE,10200.0,CRUDEOILM17SEP2610200CE,133.2,1640,BUY_AGGRESSOR,1396460,121210
2026-09-16 14:39:08.950,CRUDEOILM,PE,10200.0,CRUDEOILM17SEP2610200PE,262.5,140,SELL_AGGRESSOR,429470,29340
2026-09-16 14:39:08.950,CRUDEOILM,CE,10250.0,CRUDEOILM17SEP2610250CE,117.2,1150,BUY_AGGRESSOR,746860,62930
2026-09-16 14:39:08.950,CRUDEOILM,PE,10250.0,CRUDEOILM17SEP2610250PE,295.45,210,SELL_AGGRESSOR,77180,7130
2026-09-16 14:39:08.950,CRUDEOILM,CE,10300.0,CRUDEOILM17SEP2610300CE,101.85,390,BUY_AGGRESSOR,1003360,81310
2026-09-16 14:39:08.950,CRUDEOILM,PE,10300.0,CRUDEOILM17SEP2610300PE,331.1,50,SELL_AGGRESSOR,134770,10900
2026-09-16 14:39:08.950,CRUDEOILM,CE,10350.0,CRUDEOILM17SEP2610350CE,89.4,210,BUY_AGGRESSOR,312870,42510
2026-09-16 14:39:08.950,CRUDEOILM,PE,10350.0,CRUDEOILM17SEP2610350PE,368.3,10,SELL_AGGRESSOR,47930,6910
2026-09-16 14:39:10.952,CRUDEOIL,PE,9750.0,CRUDEOIL17SEP269750PE,64.8,2000,SELL_AGGRESSOR,1001100,203700
2026-09-16 14:39:10.952,CRUDEOIL,CE,9800.0,CRUDEOIL17SEP269800CE,346.8,500,BUY_AGGRESSOR,1128600,189900
2026-09-16 14:39:10.952,CRUDEOIL,PE,9800.0,CRUDEOIL17SEP269800PE,77.4,3100,SELL_AGGRESSOR,4872800,850200
2026-09-16 14:39:10.952,CRUDEOIL,CE,9850.0,CRUDEOIL17SEP269850CE,312.7,100,BUY_AGGRESSOR,265900,22300
2026-09-16 14:39:10.952,CRUDEOIL,PE,9850.0,CRUDEOIL17SEP269850PE,91.0,700,SELL_AGGRESSOR,1492600,347400
2026-09-16 14:39:10.952,CRUDEOIL,CE,9900.0,CRUDEOIL17SEP269900CE,279.0,200,BUY_AGGRESSOR,2719700,416600
2026-09-16 14:39:10.952,CRUDEOIL,PE,9900.0,CRUDEOIL17SEP269900PE,107.2,3900,SELL_AGGRESSOR,6138100,1025100
2026-09-16 14:39:10.952,CRUDEOIL,CE,9950.0,CRUDEOIL17SEP269950CE,248.0,2100,BUY_AGGRESSOR,1150100,90300
2026-09-16 14:39:10.952,CRUDEOIL,PE,9950.0,CRUDEOIL17SEP269950PE,125.5,1600,SELL_AGGRESSOR,2580400,363100
2026-09-16 14:39:10.952,CRUDEOIL,CE,10000.0,CRUDEOIL17SEP2610000CE,218.3,4100,BUY_AGGRESSOR,8457400,1003700
2026-09-16 14:39:10.952,CRUDEOIL,PE,10000.0,CRUDEOIL17SEP2610000PE,148.0,10000,SELL_AGGRESSOR,10507900,1056200
2026-09-16 14:39:10.952,CRUDEOIL,CE,10050.0,CRUDEOIL17SEP2610050CE,193.9,3300,BUY_AGGRESSOR,3342500,223500
2026-09-16 14:39:10.952,CRUDEOIL,PE,10050.0,CRUDEOIL17SEP2610050PE,172.7,8800,SELL_AGGRESSOR,2291800,187100
2026-09-16 14:39:10.952,CRUDEOIL,CE,10100.0,CRUDEOIL17SEP2610100CE,170.2,4600,BUY_AGGRESSOR,4448300,419000
2026-09-16 14:39:10.952,CRUDEOIL,PE,10100.0,CRUDEOIL17SEP2610100PE,198.0,1700,SELL_AGGRESSOR,2838400,247200
2026-09-16 14:39:10.952,CRUDEOIL,CE,10150.0,CRUDEOIL17SEP2610150CE,149.3,700,BUY_AGGRESSOR,1572400,189500
2026-09-16 14:39:10.952,CRUDEOIL,PE,10150.0,CRUDEOIL17SEP2610150PE,227.6,700,SELL_AGGRESSOR,591900,43300
2026-09-16 14:39:10.952,CRUDEOIL,CE,10200.0,CRUDEOIL17SEP2610200CE,129.7,3100,BUY_AGGRESSOR,4280100,430100
2026-09-16 14:39:10.952,CRUDEOIL,PE,10200.0,CRUDEOIL17SEP2610200PE,259.5,500,SELL_AGGRESSOR,1816600,141100
2026-09-16 14:39:10.952,CRUDEOIL,CE,10250.0,CRUDEOIL17SEP2610250CE,114.4,700,BUY_AGGRESSOR,1229800,191200
2026-09-16 14:39:10.952,CRUDEOIL,PE,10250.0,CRUDEOIL17SEP2610250PE,291.3,200,SELL_AGGRESSOR,118200,14700
2026-09-16 14:39:10.952,CRUDEOIL,CE,10300.0,CRUDEOIL17SEP2610300CE,99.1,1500,BUY_AGGRESSOR,2664600,251600
2026-09-16 14:39:10.952,CRUDEOIL,CE,10350.0,CRUDEOIL17SEP2610350CE,87.2,1800,BUY_AGGRESSOR,650000,89000
2026-09-16 14:39:10.952,CRUDEOIL,PE,10350.0,CRUDEOIL17SEP2610350PE,365.7,300,BUY_AGGRESSOR,13400,5300
2026-09-16 14:39:10.952,CRUDEOILM,FUT,0.0,CRUDEOILM21SEP26FUT,10069.0,50,SELL_AGGRESSOR,380050,465140
2026-09-16 14:39:10.952,CRUDEOILM,PE,9800.0,CRUDEOILM17SEP269800PE,78.95,80,SELL_AGGRESSOR,1172440,187960
2026-09-16 14:39:10.952,CRUDEOILM,PE,9900.0,CRUDEOILM17SEP269900PE,109.6,40,SELL_AGGRESSOR,1733750,217300
2026-09-16 14:39:10.952,CRUDEOILM,PE,9950.0,CRUDEOILM17SEP269950PE,128.75,30,BUY_AGGRESSOR,1387170,170280
2026-09-16 14:39:10.952,CRUDEOILM,CE,10000.0,CRUDEOILM17SEP2610000CE,221.6,180,SELL_AGGRESSOR,2529200,204340
2026-09-16 14:39:10.952,CRUDEOILM,PE,10000.0,CRUDEOILM17SEP2610000PE,150.15,460,SELL_AGGRESSOR,3244250,316780
2026-09-16 14:39:10.952,CRUDEOILM,CE,10050.0,CRUDEOILM17SEP2610050CE,196.85,140,SELL,1995290,142090
2026-09-16 14:39:10.952,CRUDEOILM,PE,10050.0,CRUDEOILM17SEP2610050PE,176.35,910,BUY,1521520,135850
2026-09-16 14:39:10.952,CRUDEOILM,CE,10100.0,CRUDEOILM17SEP2610100CE,172.6,100,SELL_AGGRESSOR,1684650,135120
2026-09-16 14:39:10.952,CRUDEOILM,PE,10100.0,CRUDEOILM17SEP2610100PE,202.85,50,BUY_AGGRESSOR,848790,70240
2026-09-16 14:39:10.952,CRUDEOILM,CE,10150.0,CRUDEOILM17SEP2610150CE,151.3,10,SELL_AGGRESSOR,912720,87150
2026-09-16 14:39:10.952,CRUDEOILM,PE,10150.0,CRUDEOILM17SEP2610150PE,233.75,210,BUY_AGGRESSOR,354370,25110
2026-09-16 14:39:10.952,CRUDEOILM,CE,10200.0,CRUDEOILM17SEP2610200CE,132.85,280,SELL,1396740,121210
2026-09-16 14:39:10.952,CRUDEOILM,PE,10200.0,CRUDEOILM17SEP2610200PE,263.65,70,BUY_AGGRESSOR,429540,29360
2026-09-16 14:39:12.964,CRUDEOIL,PE,9800.0,CRUDEOIL17SEP269800PE,77.3,100,SELL,4872900,849700
2026-09-16 14:39:12.964,CRUDEOIL,PE,9850.0,CRUDEOIL17SEP269850PE,91.0,100,INSIDE,1492700,347300
2026-09-16 14:39:12.964,CRUDEOIL,CE,9900.0,CRUDEOIL17SEP269900CE,278.1,100,SELL,2719800,416600
2026-09-16 14:39:12.964,CRUDEOIL,PE,9900.0,CRUDEOIL17SEP269900PE,107.2,300,INSIDE,6138400,1026200
2026-09-16 14:39:12.964,CRUDEOIL,CE,9950.0,CRUDEOIL17SEP269950CE,248.4,500,BUY_AGGRESSOR,1150600,90500
2026-09-16 14:39:12.964,CRUDEOIL,PE,9950.0,CRUDEOIL17SEP269950PE,126.0,300,BUY_AGGRESSOR,2580700,362800
2026-09-16 14:39:12.964,CRUDEOIL,CE,10000.0,CRUDEOIL17SEP2610000CE,218.2,1700,SELL_AGGRESSOR,8459100,1003700
2026-09-16 14:39:12.964,CRUDEOIL,PE,10000.0,CRUDEOIL17SEP2610000PE,148.1,600,BUY_AGGRESSOR,10508500,1056200
2026-09-16 14:39:12.964,CRUDEOIL,CE,10050.0,CRUDEOIL17SEP2610050CE,194.2,600,BUY_AGGRESSOR,3343100,224200
2026-09-16 14:39:12.964,CRUDEOIL,PE,10050.0,CRUDEOIL17SEP2610050PE,173.6,1900,BUY_AGGRESSOR,2293700,188100
2026-09-16 14:39:12.964,CRUDEOIL,CE,10100.0,CRUDEOIL17SEP2610100CE,169.5,500,SELL,4448800,420100
2026-09-16 14:39:12.964,CRUDEOIL,PE,10100.0,CRUDEOIL17SEP2610100PE,198.0,200,BUY_AGGRESSOR,2838600,247200
2026-09-16 14:39:12.964,CRUDEOIL,CE,10150.0,CRUDEOIL17SEP2610150CE,149.2,1400,BUY_AGGRESSOR,1573800,189500
2026-09-16 14:39:12.964,CRUDEOIL,PE,10200.0,CRUDEOIL17SEP2610200PE,259.2,100,SELL,1816700,141200
2026-09-16 14:39:12.964,CRUDEOIL,CE,10250.0,CRUDEOIL17SEP2610250CE,114.5,300,BUY_AGGRESSOR,1230100,191300
2026-09-16 14:39:12.964,CRUDEOIL,CE,10300.0,CRUDEOIL17SEP2610300CE,99.1,200,BUY_AGGRESSOR,2664800,251600
2026-09-16 14:39:12.964,CRUDEOIL,CE,10350.0,CRUDEOIL17SEP2610350CE,86.9,500,BUY_AGGRESSOR,650500,89000
2026-09-16 14:39:12.964,CRUDEOILM,FUT,0.0,CRUDEOILM21SEP26FUT,10072.0,30,BUY_AGGRESSOR,380080,465410
2026-09-16 14:39:12.964,CRUDEOILM,PE,9750.0,CRUDEOILM17SEP269750PE,65.5,10,INSIDE,513490,146870
2026-09-16 14:39:12.964,CRUDEOILM,PE,9900.0,CRUDEOILM17SEP269900PE,109.95,150,BUY,1733900,219190
2026-09-16 14:39:12.964,CRUDEOILM,CE,10000.0,CRUDEOILM17SEP2610000CE,222.6,250,BUY_AGGRESSOR,2529450,204500
2026-09-16 14:39:12.964,CRUDEOILM,PE,10000.0,CRUDEOILM17SEP2610000PE,151.0,100,BUY,3244350,316780
2026-09-16 14:39:12.964,CRUDEOILM,PE,10050.0,CRUDEOILM17SEP2610050PE,176.35,200,BUY_AGGRESSOR,1521720,136020
2026-09-16 14:39:12.964,CRUDEOILM,CE,10100.0,CRUDEOILM17SEP2610100CE,172.95,1180,BUY_AGGRESSOR,1685830,135120
2026-09-16 14:39:12.964,CRUDEOILM,CE,10150.0,CRUDEOILM17SEP2610150CE,151.75,150,BUY_AGGRESSOR,912870,87150
2026-09-16 14:39:12.964,CRUDEOILM,CE,10200.0,CRUDEOILM17SEP2610200CE,132.9,80,BUY_AGGRESSOR,1396820,120660
2026-09-16 14:39:12.964,CRUDEOILM,PE,10200.0,CRUDEOILM17SEP2610200PE,263.7,10,BUY_AGGRESSOR,429550,29360
2026-09-16 14:39:12.964,CRUDEOILM,CE,10300.0,CRUDEOILM17SEP2610300CE,101.7,10,BUY_AGGRESSOR,1003370,81640
2026-09-16 14:39:12.964,CRUDEOILM,CE,10350.0,CRUDEOILM17SEP2610350CE,88.85,320,SELL,313190,42560
2026-09-16 14:39:14.876,CRUDEOIL,PE,9750.0,CRUDEOIL17SEP269750PE,65.0,200,BUY,1001300,204000
2026-09-16 14:39:14.876,CRUDEOIL,CE,9800.0,CRUDEOIL17SEP269800CE,347.6,200,BUY,1128800,189700
2026-09-16 14:39:14.876,CRUDEOIL,PE,9800.0,CRUDEOIL17SEP269800PE,77.4,200,SELL_AGGRESSOR,4873100,849700
2026-09-16 14:39:14.876,CRUDEOIL,PE,9850.0,CRUDEOIL17SEP269850PE,91.0,900,SELL_AGGRESSOR,1493600,346900
2026-09-16 14:39:14.876,CRUDEOIL,CE,9900.0,CRUDEOIL17SEP269900CE,278.6,700,BUY_AGGRESSOR,2720500,416800
2026-09-16 14:39:14.876,CRUDEOIL,PE,9900.0,CRUDEOIL17SEP269900PE,107.3,2300,SELL_AGGRESSOR,6140700,1024800
2026-09-16 14:39:14.876,CRUDEOIL,PE,9950.0,CRUDEOIL17SEP269950PE,125.4,1000,SELL_AGGRESSOR,2581700,362300
2026-09-16 14:39:14.876,CRUDEOIL,CE,10000.0,CRUDEOIL17SEP2610000CE,217.9,1300,SELL_AGGRESSOR,8460400,1005500
2026-09-16 14:39:14.876,CRUDEOIL,PE,10000.0,CRUDEOIL17SEP2610000PE,148.5,300,BUY_AGGRESSOR,10508800,1060900
2026-09-16 14:39:14.876,CRUDEOIL,CE,10050.0,CRUDEOIL17SEP2610050CE,194.0,1200,BUY_AGGRESSOR,3344300,225400
2026-09-16 14:39:14.876,CRUDEOIL,PE,10050.0,CRUDEOIL17SEP2610050PE,172.6,1400,SELL_AGGRESSOR,2295100,186600
2026-09-16 14:39:14.876,CRUDEOIL,CE,10100.0,CRUDEOIL17SEP2610100CE,169.4,500,SELL,4449300,420600
2026-09-16 14:39:14.876,CRUDEOIL,PE,10100.0,CRUDEOIL17SEP2610100PE,199.0,100,BUY_AGGRESSOR,2838700,247500
2026-09-16 14:39:14.876,CRUDEOIL,CE,10150.0,CRUDEOIL17SEP2610150CE,148.2,100,SELL,1573900,189900
2026-09-16 14:39:14.876,CRUDEOIL,CE,10200.0,CRUDEOIL17SEP2610200CE,130.0,500,BUY_AGGRESSOR,4280600,429800
2026-09-16 14:39:14.876,CRUDEOIL,CE,10250.0,CRUDEOIL17SEP2610250CE,114.3,200,BUY_AGGRESSOR,1230300,191300
2026-09-16 14:39:14.876,CRUDEOIL,CE,10300.0,CRUDEOIL17SEP2610300CE,99.2,600,BUY_AGGRESSOR,2665400,252200
2026-09-16 14:39:14.876,CRUDEOIL,CE,10350.0,CRUDEOIL17SEP2610350CE,87.2,400,BUY_AGGRESSOR,650900,89700
2026-09-16 14:39:14.876,CRUDEOILM,FUT,0.0,CRUDEOILM21SEP26FUT,10069.0,10,SELL_AGGRESSOR,380090,465420
2026-09-16 14:39:14.876,CRUDEOILM,CE,9850.0,CRUDEOILM17SEP269850CE,310.95,460,SELL_AGGRESSOR,207130,28370
2026-09-16 14:39:14.876,CRUDEOILM,PE,9900.0,CRUDEOILM17SEP269900PE,109.95,50,SELL_AGGRESSOR,1733950,219120
2026-09-16 14:39:14.876,CRUDEOILM,CE,9950.0,CRUDEOILM17SEP269950CE,250.6,140,BUY_AGGRESSOR,744730,45450
2026-09-16 14:39:14.876,CRUDEOILM,PE,9950.0,CRUDEOILM17SEP269950PE,129.15,250,BUY_AGGRESSOR,1387420,169630
2026-09-16 14:39:14.876,CRUDEOILM,CE,10000.0,CRUDEOILM17SEP2610000CE,222.25,1090,BUY_AGGRESSOR,2530540,204500
2026-09-16 14:39:14.876,CRUDEOILM,PE,10000.0,CRUDEOILM17SEP2610000PE,150.2,3210,SELL_AGGRESSOR,3247560,317210
2026-09-16 14:39:14.876,CRUDEOILM,CE,10050.0,CRUDEOILM17SEP2610050CE,196.7,100,SELL,1995390,142180
2026-09-16 14:39:14.876,CRUDEOILM,PE,10050.0,CRUDEOILM17SEP2610050PE,176.25,50,SELL_AGGRESSOR,1521770,136050
2026-09-16 14:39:14.876,CRUDEOILM,CE,10100.0,CRUDEOILM17SEP2610100CE,172.95,60,BUY_AGGRESSOR,1685890,135230
2026-09-16 14:39:14.876,CRUDEOILM,PE,10100.0,CRUDEOILM17SEP2610100PE,202.05,190,SELL_AGGRESSOR,848980,70270
2026-09-16 14:39:14.876,CRUDEOILM,CE,10150.0,CRUDEOILM17SEP2610150CE,151.3,70,SELL,912940,87260
2026-09-16 14:39:14.876,CRUDEOILM,PE,10150.0,CRUDEOILM17SEP2610150PE,232.25,10,SELL_AGGRESSOR,354380,25360
2026-09-16 14:39:14.876,CRUDEOILM,CE,10200.0,CRUDEOILM17SEP2610200CE,132.65,60,BUY_AGGRESSOR,1396880,120730
2026-09-16 14:39:14.876,CRUDEOILM,PE,10200.0,CRUDEOILM17SEP2610200PE,262.9,10,SELL_AGGRESSOR,429560,29350
2026-09-16 14:39:14.876,CRUDEOILM,CE,10250.0,CRUDEOILM17SEP2610250CE,116.35,30,SELL,746890,63100
2026-09-16 14:39:14.876,CRUDEOILM,CE,10300.0,CRUDEOILM17SEP2610300CE,101.5,10,BUY_AGGRESSOR,1003380,81640
2026-09-16 14:39:14.876,CRUDEOILM,CE,10350.0,CRUDEOILM17SEP2610350CE,88.95,210,BUY,313400,42610
2026-09-16 14:39:16.815,CRUDEOIL,FUT,0.0,CRUDEOIL21SEP26FUT,10069.0,100,SELL_AGGRESSOR,1188800,1582400
2026-09-16 14:39:16.815,CRUDEOIL,PE,9750.0,CRUDEOIL17SEP269750PE,64.7,100,SELL_AGGRESSOR,1001400,204000
2026-09-16 14:39:16.815,CRUDEOIL,PE,9800.0,CRUDEOIL17SEP269800PE,77.5,100,BUY,4873200,849600
2026-09-16 14:39:16.815,CRUDEOIL,PE,9900.0,CRUDEOIL17SEP269900PE,107.2,400,SELL_AGGRESSOR,6141100,1025000
2026-09-16 14:39:16.815,CRUDEOIL,PE,9950.0,CRUDEOIL17SEP269950PE,125.6,200,SELL_AGGRESSOR,2581900,362300
2026-09-16 14:39:16.815,CRUDEOIL,CE,10000.0,CRUDEOIL17SEP2610000CE,219.4,700,BUY_AGGRESSOR,8461100,1005500
2026-09-16 14:39:16.815,CRUDEOIL,PE,10000.0,CRUDEOIL17SEP2610000PE,148.0,300,SELL_AGGRESSOR,10509100,1060900
2026-09-16 14:39:16.815,CRUDEOIL,CE,10100.0,CRUDEOIL17SEP2610100CE,169.7,300,BUY_AGGRESSOR,4449600,420800
2026-09-16 14:39:16.815,CRUDEOIL,CE,10200.0,CRUDEOIL17SEP2610200CE,129.8,300,BUY_AGGRESSOR,4280900,430000
2026-09-16 14:39:16.815,CRUDEOIL,PE,10300.0,CRUDEOIL17SEP2610300PE,328.1,100,SELL_AGGRESSOR,656300,28000
2026-09-16 14:39:16.815,CRUDEOIL,CE,10350.0,CRUDEOIL17SEP2610350CE,86.8,100,BUY_AGGRESSOR,651000,89800
2026-09-16 14:39:16.815,CRUDEOILM,FUT,0.0,CRUDEOILM21SEP26FUT,10073.0,30,BUY_AGGRESSOR,380120,465420
2026-09-16 14:39:16.815,CRUDEOILM,PE,9800.0,CRUDEOILM17SEP269800PE,79.2,10,SELL_AGGRESSOR,1172450,187940
2026-09-16 14:39:16.815,CRUDEOILM,CE,9900.0,CRUDEOILM17SEP269900CE,281.55,10,BUY_AGGRESSOR,481600,46440
2026-09-16 14:39:16.815,CRUDEOILM,CE,9950.0,CRUDEOILM17SEP269950CE,251.05,110,BUY_AGGRESSOR,744840,45530
2026-09-16 14:39:16.815,CRUDEOILM,PE,9950.0,CRUDEOILM17SEP269950PE,128.8,30,SELL,1387450,169630
2026-09-16 14:39:16.815,CRUDEOILM,CE,10000.0,CRUDEOILM17SEP2610000CE,222.25,210,BUY_AGGRESSOR,2530750,204500
2026-09-16 14:39:16.815,CRUDEOILM,PE,10000.0,CRUDEOILM17SEP2610000PE,150.95,280,BUY,3247840,317210
2026-09-16 14:39:16.815,CRUDEOILM,CE,10050.0,CRUDEOILM17SEP2610050CE,196.6,40,BUY_AGGRESSOR,1995430,142160
2026-09-16 14:39:16.815,CRUDEOILM,PE,10050.0,CRUDEOILM17SEP2610050PE,176.35,10,BUY,1521780,136050
2026-09-16 14:39:16.815,CRUDEOILM,CE,10100.0,CRUDEOILM17SEP2610100CE,172.55,10,SELL,1685900,135230
2026-09-16 14:39:16.815,CRUDEOILM,CE,10150.0,CRUDEOILM17SEP2610150CE,151.2,20,SELL,912960,87240
2026-09-16 14:39:16.815,CRUDEOILM,CE,10200.0,CRUDEOILM17SEP2610200CE,132.6,150,BUY_AGGRESSOR,1397030,120840
2026-09-16 14:39:16.815,CRUDEOILM,CE,10350.0,CRUDEOILM17SEP2610350CE,88.9,100,SELL,313500,42610
2026-09-16 14:39:18.856,CRUDEOIL,FUT,0.0,CRUDEOIL21SEP26FUT,10071.0,100,BUY_AGGRESSOR,1188900,1582300
2026-09-16 14:39:18.856,CRUDEOIL,CE,9900.0,CRUDEOIL17SEP269900CE,278.0,100,SELL,2720600,416900
2026-09-16 14:39:18.856,CRUDEOIL,PE,9900.0,CRUDEOIL17SEP269900PE,106.8,700,SELL_AGGRESSOR,6141800,1025200
2026-09-16 14:39:18.856,CRUDEOIL,PE,10000.0,CRUDEOIL17SEP2610000PE,148.2,1400,BUY,10510500,1060700
2026-09-16 14:39:18.856,CRUDEOIL,PE,10050.0,CRUDEOIL17SEP2610050PE,173.0,700,BUY,2295800,187100
2026-09-16 14:39:18.856,CRUDEOIL,CE,10100.0,CRUDEOIL17SEP2610100CE,170.4,500,BUY_AGGRESSOR,4450100,420900
2026-09-16 14:39:18.856,CRUDEOIL,CE,10200.0,CRUDEOIL17SEP2610200CE,129.7,1000,SELL_AGGRESSOR,4281900,429100
2026-09-16 14:39:18.856,CRUDEOIL,CE,10250.0,CRUDEOIL17SEP2610250CE,113.9,100,SELL_AGGRESSOR,1230400,191200
2026-09-16 14:39:18.856,CRUDEOIL,CE,10300.0,CRUDEOIL17SEP2610300CE,99.4,500,BUY_AGGRESSOR,2665900,252200
2026-09-16 14:39:18.856,CRUDEOIL,PE,10300.0,CRUDEOIL17SEP2610300PE,329.2,100,BUY_AGGRESSOR,656400,28100
2026-09-16 14:39:18.856,CRUDEOILM,FUT,0.0,CRUDEOILM21SEP26FUT,10073.0,30,BUY_AGGRESSOR,380150,465400
2026-09-16 14:39:18.856,CRUDEOILM,CE,9800.0,CRUDEOILM17SEP269800CE,349.4,10,SELL,183450,26760
2026-09-16 14:39:18.856,CRUDEOILM,CE,10000.0,CRUDEOILM17SEP2610000CE,221.85,100,SELL,2530850,204470
2026-09-16 14:39:18.856,CRUDEOILM,PE,10000.0,CRUDEOILM17SEP2610000PE,151.0,360,BUY,3248200,316710
2026-09-16 14:39:18.856,CRUDEOILM,CE,10050.0,CRUDEOILM17SEP2610050CE,195.3,910,SELL_AGGRESSOR,1996340,141820
2026-09-16 14:39:18.856,CRUDEOILM,PE,10050.0,CRUDEOILM17SEP2610050PE,176.05,30,SELL,1521810,136050
2026-09-16 14:39:18.856,CRUDEOILM,CE,10100.0,CRUDEOILM17SEP2610100CE,172.6,20,SELL_AGGRESSOR,1685920,135220
2026-09-16 14:39:18.856,CRUDEOILM,CE,10150.0,CRUDEOILM17SEP2610150CE,152.35,360,BUY_AGGRESSOR,913320,87510
2026-09-16 14:39:18.856,CRUDEOILM,CE,10200.0,CRUDEOILM17SEP2610200CE,132.85,20,BUY_AGGRESSOR,1397050,120860
2026-09-16 14:39:18.856,CRUDEOILM,CE,10300.0,CRUDEOILM17SEP2610300CE,101.2,140,SELL_AGGRESSOR,1003520,81600
2026-09-16 14:39:18.856,CRUDEOILM,CE,10350.0,CRUDEOILM17SEP2610350CE,89.0,70,BUY,313570,42610
2026-09-16 14:39:20.814,CRUDEOIL,FUT,0.0,CRUDEOIL21SEP26FUT,10071.0,100,INSIDE,1189000,1582200
2026-09-16 14:39:20.814,CRUDEOIL,PE,9800.0,CRUDEOIL17SEP269800PE,77.5,500,BUY_AGGRESSOR,4873700,849500
2026-09-16 14:39:20.814,CRUDEOIL,PE,9850.0,CRUDEOIL17SEP269850PE,91.0,500,BUY_AGGRESSOR,1494100,346600
2026-09-16 14:39:20.814,CRUDEOIL,CE,9900.0,CRUDEOIL17SEP269900CE,278.3,300,BUY,2720900,417100
2026-09-16 14:39:20.814,CRUDEOIL,PE,9900.0,CRUDEOIL17SEP269900PE,107.3,800,BUY_AGGRESSOR,6142600,1025600
2026-09-16 14:39:20.814,CRUDEOIL,CE,9950.0,CRUDEOIL17SEP269950CE,247.7,100,SELL_AGGRESSOR,1150700,90400
2026-09-16 14:39:20.814,CRUDEOIL,PE,9950.0,CRUDEOIL17SEP269950PE,126.0,300,BUY_AGGRESSOR,2582200,362300
2026-09-16 14:39:20.814,CRUDEOIL,CE,10000.0,CRUDEOIL17SEP2610000CE,218.6,2100,SELL_AGGRESSOR,8463200,1005500
2026-09-16 14:39:20.814,CRUDEOIL,PE,10000.0,CRUDEOIL17SEP2610000PE,147.7,200,SELL_AGGRESSOR,10510700,1060700
2026-09-16 14:39:20.814,CRUDEOIL,CE,10050.0,CRUDEOIL17SEP2610050CE,194.1,300,BUY,3344600,225400
2026-09-16 14:39:20.814,CRUDEOIL,CE,10100.0,CRUDEOIL17SEP2610100CE,169.7,1000,SELL,4451100,421400
2026-09-16 14:39:20.814,CRUDEOIL,PE,10100.0,CRUDEOIL17SEP2610100PE,198.8,400,BUY_AGGRESSOR,2839100,247800
2026-09-16 14:39:20.814,CRUDEOIL,CE,10150.0,CRUDEOIL17SEP2610150CE,148.6,200,BUY,1574100,190000
2026-09-16 14:39:20.814,CRUDEOIL,CE,10200.0,CRUDEOIL17SEP2610200CE,129.5,200,SELL_AGGRESSOR,4282100,429100
2026-09-16 14:39:20.814,CRUDEOIL,PE,10200.0,CRUDEOIL17SEP2610200PE,259.6,100,BUY_AGGRESSOR,1816800,141200
2026-09-16 14:39:20.814,CRUDEOIL,CE,10250.0,CRUDEOIL17SEP2610250CE,114.3,100,BUY,1230500,191300
2026-09-16 14:39:20.814,CRUDEOILM,FUT,0.0,CRUDEOILM21SEP26FUT,10073.0,1350,BUY_AGGRESSOR,381500,465270
2026-09-16 14:39:20.814,CRUDEOILM,CE,9800.0,CRUDEOILM17SEP269800CE,349.35,20,BUY_AGGRESSOR,183470,26750
2026-09-16 14:39:20.814,CRUDEOILM,PE,9800.0,CRUDEOILM17SEP269800PE,78.95,20,SELL_AGGRESSOR,1172470,187950
2026-09-16 14:39:20.814,CRUDEOILM,PE,9850.0,CRUDEOILM17SEP269850PE,92.55,10,SELL_AGGRESSOR,743240,150400
2026-09-16 14:39:20.814,CRUDEOILM,CE,9900.0,CRUDEOILM17SEP269900CE,281.1,70,BUY_AGGRESSOR,481670,46440
2026-09-16 14:39:20.814,CRUDEOILM,PE,9900.0,CRUDEOILM17SEP269900PE,109.5,40,SELL_AGGRESSOR,1733990,219090
2026-09-16 14:39:20.814,CRUDEOILM,CE,9950.0,CRUDEOILM17SEP269950CE,250.75,30,BUY_AGGRESSOR,744870,45560
2026-09-16 14:39:20.814,CRUDEOILM,PE,9950.0,CRUDEOILM17SEP269950PE,128.4,50,SELL_AGGRESSOR,1387500,169660
2026-09-16 14:39:20.814,CRUDEOILM,CE,10000.0,CRUDEOILM17SEP2610000CE,222.55,570,BUY_AGGRESSOR,2531420,204370
2026-09-16 14:39:20.814,CRUDEOILM,PE,10000.0,CRUDEOILM17SEP2610000PE,150.5,320,SELL_AGGRESSOR,3248520,316790
2026-09-16 14:39:20.814,CRUDEOILM,CE,10050.0,CRUDEOILM17SEP2610050CE,196.7,90,BUY_AGGRESSOR,1996430,141360
2026-09-16 14:39:20.814,CRUDEOILM,PE,10050.0,CRUDEOILM17SEP2610050PE,177.25,620,BUY_AGGRESSOR,1522430,136440
2026-09-16 14:39:20.814,CRUDEOILM,CE,10100.0,CRUDEOILM17SEP2610100CE,173.15,330,BUY_AGGRESSOR,1686250,135350
2026-09-16 14:39:20.814,CRUDEOILM,PE,10100.0,CRUDEOILM17SEP2610100PE,201.85,490,SELL,849470,70620
2026-09-16 14:39:20.814,CRUDEOILM,CE,10150.0,CRUDEOILM17SEP2610150CE,151.6,210,BUY_AGGRESSOR,913530,87500
2026-09-16 14:39:20.814,CRUDEOILM,PE,10150.0,CRUDEOILM17SEP2610150PE,230.8,180,SELL_AGGRESSOR,354560,25370
2026-09-16 14:39:20.814,CRUDEOILM,CE,10200.0,CRUDEOILM17SEP2610200CE,132.0,120,SELL_AGGRESSOR,1397170,120920
2026-09-16 14:39:20.814,CRUDEOILM,PE,10200.0,CRUDEOILM17SEP2610200PE,262.15,40,SELL_AGGRESSOR,429600,29390
2026-09-16 14:39:20.814,CRUDEOILM,CE,10250.0,CRUDEOILM17SEP2610250CE,116.25,2400,SELL,749290,64020
2026-09-16 14:39:20.814,CRUDEOILM,PE,10250.0,CRUDEOILM17SEP2610250PE,294.95,30,SELL,77210,7160
2026-09-16 14:39:20.814,CRUDEOILM,CE,10300.0,CRUDEOILM17SEP2610300CE,101.8,40,BUY_AGGRESSOR,1003560,81520
2026-09-16 14:39:20.814,CRUDEOILM,PE,10300.0,CRUDEOILM17SEP2610300PE,330.4,30,SELL_AGGRESSOR,134800,10920
2026-09-16 14:39:22.634,CRUDEOIL,CE,9800.0,CRUDEOIL17SEP269800CE,347.4,100,SELL,1128900,189800
2026-09-16 14:39:22.634,CRUDEOIL,PE,9800.0,CRUDEOIL17SEP269800PE,77.5,100,INSIDE,4873800,849600
2026-09-16 14:39:22.634,CRUDEOIL,PE,9900.0,CRUDEOIL17SEP269900PE,107.1,200,SELL,6142800,1025600
2026-09-16 14:39:22.634,CRUDEOIL,CE,9950.0,CRUDEOIL17SEP269950CE,247.0,1700,SELL,1152400,90400
2026-09-16 14:39:22.634,CRUDEOIL,PE,9950.0,CRUDEOIL17SEP269950PE,126.0,200,SELL_AGGRESSOR,2582400,362400
2026-09-16 14:39:22.634,CRUDEOIL,CE,10000.0,CRUDEOIL17SEP2610000CE,218.9,300,BUY_AGGRESSOR,8463500,1005500
2026-09-16 14:39:22.634,CRUDEOIL,PE,10000.0,CRUDEOIL17SEP2610000PE,147.8,1300,SELL_AGGRESSOR,10512000,1059500
2026-09-16 14:39:22.634,CRUDEOIL,CE,10050.0,CRUDEOIL17SEP2610050CE,194.0,400,BUY_AGGRESSOR,3345000,225700
2026-09-16 14:39:22.634,CRUDEOIL,PE,10050.0,CRUDEOIL17SEP2610050PE,173.0,100,SELL_AGGRESSOR,2295900,187200
2026-09-16 14:39:22.634,CRUDEOIL,CE,10100.0,CRUDEOIL17SEP2610100CE,169.4,100,SELL_AGGRESSOR,4451200,421500
2026-09-16 14:39:22.634,CRUDEOIL,CE,10200.0,CRUDEOIL17SEP2610200CE,129.7,100,BUY,4282200,429100
2026-09-16 14:39:22.634,CRUDEOIL,CE,10250.0,CRUDEOIL17SEP2610250CE,114.1,200,SELL,1230700,191500
2026-09-16 14:39:22.634,CRUDEOIL,CE,10300.0,CRUDEOIL17SEP2610300CE,99.4,500,BUY_AGGRESSOR,2666400,252300
2026-09-16 14:39:22.634,CRUDEOILM,CE,9800.0,CRUDEOILM17SEP269800CE,349.45,10,BUY_AGGRESSOR,183480,26750
2026-09-16 14:39:22.634,CRUDEOILM,PE,9900.0,CRUDEOILM17SEP269900PE,110.2,30,BUY_AGGRESSOR,1734020,219070
2026-09-16 14:39:22.634,CRUDEOILM,CE,10000.0,CRUDEOILM17SEP2610000CE,222.0,50,SELL,2531470,204360
2026-09-16 14:39:22.634,CRUDEOILM,PE,10000.0,CRUDEOILM17SEP2610000PE,151.05,80,BUY_AGGRESSOR,3248600,316860
2026-09-16 14:39:24.680,CRUDEOIL,PE,9750.0,CRUDEOIL17SEP269750PE,64.9,100,BUY,1001500,204000
2026-09-16 14:39:24.680,CRUDEOIL,CE,9800.0,CRUDEOIL17SEP269800CE,347.6,100,BUY_AGGRESSOR,1129000,189800
2026-09-16 14:39:24.680,CRUDEOIL,PE,9800.0,CRUDEOIL17SEP269800PE,77.6,100,BUY_AGGRESSOR,4873900,849700
2026-09-16 14:39:24.680,CRUDEOIL,PE,9850.0,CRUDEOIL17SEP269850PE,91.0,100,INSIDE,1494200,346600
2026-09-16 14:39:24.680,CRUDEOIL,PE,9900.0,CRUDEOIL17SEP269900PE,107.0,3600,SELL_AGGRESSOR,6146400,1025300
2026-09-16 14:39:24.680,CRUDEOIL,CE,9950.0,CRUDEOIL17SEP269950CE,248.0,700,BUY_AGGRESSOR,1153100,91100
2026-09-16 14:39:24.680,CRUDEOIL,CE,10000.0,CRUDEOIL17SEP2610000CE,219.0,3300,BUY_AGGRESSOR,8466800,1005800
2026-09-16 14:39:24.680,CRUDEOIL,PE,10000.0,CRUDEOIL17SEP2610000PE,147.9,2000,SELL_AGGRESSOR,10514000,1058800
2026-09-16 14:39:24.680,CRUDEOIL,CE,10050.0,CRUDEOIL17SEP2610050CE,193.5,200,SELL_AGGRESSOR,3345200,225500
2026-09-16 14:39:24.680,CRUDEOIL,CE,10100.0,CRUDEOIL17SEP2610100CE,169.5,100,BUY,4451300,421500
2026-09-16 14:39:24.680,CRUDEOIL,PE,10100.0,CRUDEOIL17SEP2610100PE,198.7,100,BUY_AGGRESSOR,2839200,247900
2026-09-16 14:39:24.680,CRUDEOIL,PE,10150.0,CRUDEOIL17SEP2610150PE,228.4,100,BUY_AGGRESSOR,592000,43400
2026-09-16 14:39:24.680,CRUDEOIL,CE,10200.0,CRUDEOIL17SEP2610200CE,129.6,300,SELL_AGGRESSOR,4282500,429100
2026-09-16 14:39:24.680,CRUDEOIL,CE,10300.0,CRUDEOIL17SEP2610300CE,99.5,400,BUY_AGGRESSOR,2666800,252600
2026-09-16 14:39:24.680,CRUDEOIL,PE,10300.0,CRUDEOIL17SEP2610300PE,329.2,100,INSIDE,656500,28200
2026-09-16 14:39:24.680,CRUDEOILM,PE,9750.0,CRUDEOILM17SEP269750PE,65.45,90,SELL_AGGRESSOR,513580,146710
2026-09-16 14:39:24.680,CRUDEOILM,PE,9800.0,CRUDEOILM17SEP269800PE,78.8,200,SELL_AGGRESSOR,1172670,187790
2026-09-16 14:39:24.680,CRUDEOILM,CE,9900.0,CRUDEOILM17SEP269900CE,280.7,100,SELL,481770,46490
2026-09-16 14:39:24.680,CRUDEOILM,PE,9900.0,CRUDEOILM17SEP269900PE,110.15,210,BUY_AGGRESSOR,1734230,218980
2026-09-16 14:39:24.680,CRUDEOILM,CE,10000.0,CRUDEOILM17SEP2610000CE,221.4,310,SELL,2531780,204390
2026-09-16 14:39:24.680,CRUDEOILM,PE,10000.0,CRUDEOILM17SEP2610000PE,151.05,500,INSIDE,3249100,316470
2026-09-16 14:39:24.680,CRUDEOILM,CE,10050.0,CRUDEOILM17SEP2610050CE,196.0,7070,SELL,2003500,141260
2026-09-16 14:39:24.680,CRUDEOILM,PE,10050.0,CRUDEOILM17SEP2610050PE,176.4,70,SELL,1522500,136460
2026-09-16 14:39:24.680,CRUDEOILM,CE,10100.0,CRUDEOILM17SEP2610100CE,172.75,240,BUY_AGGRESSOR,1686490,135320
2026-09-16 14:39:24.680,CRUDEOILM,PE,10100.0,CRUDEOILM17SEP2610100PE,202.5,540,BUY,850010,70650
2026-09-16 14:39:24.680,CRUDEOILM,CE,10150.0,CRUDEOILM17SEP2610150CE,151.7,110,BUY_AGGRESSOR,913640,87470
2026-09-16 14:39:24.680,CRUDEOILM,PE,10150.0,CRUDEOILM17SEP2610150PE,232.7,60,BUY_AGGRESSOR,354620,25340
2026-09-16 14:39:24.680,CRUDEOILM,CE,10200.0,CRUDEOILM17SEP2610200CE,132.3,30,BUY,1397200,120920
2026-09-16 14:39:24.680,CRUDEOILM,PE,10200.0,CRUDEOILM17SEP2610200PE,264.45,190,BUY_AGGRESSOR,429790,29480
2026-09-16 14:39:24.680,CRUDEOILM,CE,10250.0,CRUDEOILM17SEP2610250CE,117.0,80,BUY_AGGRESSOR,749370,65010
2026-09-16 14:39:24.680,CRUDEOILM,CE,10300.0,CRUDEOILM17SEP2610300CE,101.25,50,SELL,1003610,81500
2026-09-16 14:39:24.680,CRUDEOILM,PE,10300.0,CRUDEOILM17SEP2610300PE,331.05,20,BUY,134820,10910
2026-09-16 14:39:24.680,CRUDEOILM,PE,10350.0,CRUDEOILM17SEP2610350PE,366.8,100,SELL_AGGRESSOR,48030,6810
2026-09-16 14:39:26.818,CRUDEOIL,CE,9800.0,CRUDEOIL17SEP269800CE,347.3,200,SELL,1129200,189800
2026-09-16 14:39:26.818,CRUDEOIL,PE,9800.0,CRUDEOIL17SEP269800PE,77.4,100,SELL,4874000,849600
2026-09-16 14:39:26.818,CRUDEOIL,PE,9900.0,CRUDEOIL17SEP269900PE,107.1,300,SELL_AGGRESSOR,6146700,1025400
2026-09-16 14:39:26.818,CRUDEOIL,CE,10000.0,CRUDEOIL17SEP2610000CE,218.8,1100,SELL_AGGRESSOR,8467900,1005800
2026-09-16 14:39:26.818,CRUDEOIL,PE,10000.0,CRUDEOIL17SEP2610000PE,147.6,6900,SELL_AGGRESSOR,10520900,1058400
2026-09-16 14:39:26.818,CRUDEOIL,CE,10050.0,CRUDEOIL17SEP2610050CE,193.9,200,BUY,3345400,225600
2026-09-16 14:39:26.818,CRUDEOIL,CE,10100.0,CRUDEOIL17SEP2610100CE,169.8,300,BUY,4451600,421500
2026-09-16 14:39:26.818,CRUDEOIL,PE,10100.0,CRUDEOIL17SEP2610100PE,199.1,1000,BUY_AGGRESSOR,2840200,248900
2026-09-16 14:39:26.818,CRUDEOIL,CE,10150.0,CRUDEOIL17SEP2610150CE,148.2,100,SELL_AGGRESSOR,1574200,190000
2026-09-16 14:39:26.818,CRUDEOIL,CE,10200.0,CRUDEOIL17SEP2610200CE,129.8,300,BUY,4282800,429300
2026-09-16 14:39:26.818,CRUDEOILM,FUT,0.0,CRUDEOILM21SEP26FUT,10073.0,80,BUY_AGGRESSOR,381580,465210
2026-09-16 14:39:26.818,CRUDEOILM,CE,9800.0,CRUDEOILM17SEP269800CE,349.55,10,BUY_AGGRESSOR,183490,26740
2026-09-16 14:39:26.818,CRUDEOILM,PE,9800.0,CRUDEOILM17SEP269800PE,79.8,1750,BUY_AGGRESSOR,1174420,186240
2026-09-16 14:39:26.818,CRUDEOILM,CE,9850.0,CRUDEOILM17SEP269850CE,313.5,50,BUY,207180,28390
2026-09-16 14:39:26.818,CRUDEOILM,PE,9900.0,CRUDEOILM17SEP269900PE,110.9,550,BUY_AGGRESSOR,1734780,219170
2026-09-16 14:39:26.818,CRUDEOILM,PE,9950.0,CRUDEOILM17SEP269950PE,128.65,150,SELL_AGGRESSOR,1387650,169650
2026-09-16 14:39:26.818,CRUDEOILM,CE,10000.0,CRUDEOILM17SEP2610000CE,221.15,200,SELL_AGGRESSOR,2531980,204470
2026-09-16 14:39:26.818,CRUDEOILM,PE,10000.0,CRUDEOILM17SEP2610000PE,151.45,290,BUY,3249390,316190
2026-09-16 14:39:26.818,CRUDEOILM,CE,10050.0,CRUDEOILM17SEP2610050CE,196.6,200,BUY_AGGRESSOR,2003700,138320
2026-09-16 14:39:26.818,CRUDEOILM,PE,10050.0,CRUDEOILM17SEP2610050PE,177.0,30,BUY_AGGRESSOR,1522530,136490
2026-09-16 14:39:26.818,CRUDEOILM,CE,10100.0,CRUDEOILM17SEP2610100CE,172.8,70,BUY_AGGRESSOR,1686560,135370
2026-09-16 14:39:26.818,CRUDEOILM,PE,10100.0,CRUDEOILM17SEP2610100PE,202.1,10,SELL_AGGRESSOR,850020,70660
2026-09-16 14:39:26.818,CRUDEOILM,CE,10150.0,CRUDEOILM17SEP2610150CE,150.75,20,SELL_AGGRESSOR,913660,87450
2026-09-16 14:39:26.818,CRUDEOILM,CE,10200.0,CRUDEOILM17SEP2610200CE,132.5,100,BUY_AGGRESSOR,1397300,120960
2026-09-16 14:39:26.818,CRUDEOILM,CE,10250.0,CRUDEOILM17SEP2610250CE,116.55,10,BUY_AGGRESSOR,749380,65010
2026-09-16 14:39:28.809,CRUDEOIL,PE,9750.0,CRUDEOIL17SEP269750PE,64.8,100,SELL_AGGRESSOR,1001600,204000
2026-09-16 14:39:28.809,CRUDEOIL,CE,9800.0,CRUDEOIL17SEP269800CE,347.3,400,INSIDE,1129600,190000
2026-09-16 14:39:28.809,CRUDEOIL,PE,9800.0,CRUDEOIL17SEP269800PE,77.3,500,SELL_AGGRESSOR,4874500,849400
2026-09-16 14:39:28.809,CRUDEOIL,PE,9850.0,CRUDEOIL17SEP269850PE,91.3,700,BUY,1494900,346500
2026-09-16 14:39:28.809,CRUDEOIL,CE,9900.0,CRUDEOIL17SEP269900CE,278.0,300,BUY_AGGRESSOR,2721200,417100
2026-09-16 14:39:28.809,CRUDEOIL,PE,9900.0,CRUDEOIL17SEP269900PE,107.6,6000,BUY_AGGRESSOR,6152700,1027900
2026-09-16 14:39:28.809,CRUDEOIL,CE,9950.0,CRUDEOIL17SEP269950CE,247.7,100,SELL,1153200,91200
2026-09-16 14:39:28.809,CRUDEOIL,CE,10000.0,CRUDEOIL17SEP2610000CE,218.9,900,BUY,8468800,1006000
2026-09-16 14:39:28.809,CRUDEOIL,PE,10000.0,CRUDEOIL17SEP2610000PE,147.3,5400,SELL_AGGRESSOR,10526300,1053600
2026-09-16 14:39:28.809,CRUDEOIL,CE,10050.0,CRUDEOIL17SEP2610050CE,193.1,1500,SELL_AGGRESSOR,3346900,225700
2026-09-16 14:39:28.809,CRUDEOIL,PE,10050.0,CRUDEOIL17SEP2610050PE,173.4,200,BUY_AGGRESSOR,2296100,187400
2026-09-16 14:39:28.809,CRUDEOIL,CE,10100.0,CRUDEOIL17SEP2610100CE,169.6,300,SELL,4451900,421700
2026-09-16 14:39:28.809,CRUDEOIL,PE,10100.0,CRUDEOIL17SEP2610100PE,198.8,400,SELL,2840600,249300
2026-09-16 14:39:28.809,CRUDEOIL,CE,10250.0,CRUDEOIL17SEP2610250CE,114.5,100,BUY_AGGRESSOR,1230800,191600
2026-09-16 14:39:28.809,CRUDEOIL,CE,10300.0,CRUDEOIL17SEP2610300CE,99.5,100,BUY_AGGRESSOR,2666900,252700
2026-09-16 14:39:28.809,CRUDEOIL,CE,10350.0,CRUDEOIL17SEP2610350CE,87.0,100,BUY,651100,89900
2026-09-16 14:39:28.809,CRUDEOILM,FUT,0.0,CRUDEOILM21SEP26FUT,10070.0,10,SELL_AGGRESSOR,381590,465180
2026-09-16 14:39:28.809,CRUDEOILM,PE,9800.0,CRUDEOILM17SEP269800PE,79.3,30,SELL,1174450,186130
2026-09-16 14:39:28.809,CRUDEOILM,CE,9850.0,CRUDEOILM17SEP269850CE,313.9,100,BUY_AGGRESSOR,207280,28400
2026-09-16 14:39:28.809,CRUDEOILM,CE,9900.0,CRUDEOILM17SEP269900CE,280.75,10,BUY,481780,46490
2026-09-16 14:39:28.809,CRUDEOILM,PE,9900.0,CRUDEOILM17SEP269900PE,110.2,720,SELL,1735500,219220
2026-09-16 14:39:28.809,CRUDEOILM,CE,10000.0,CRUDEOILM17SEP2610000CE,221.85,90,BUY,2532070,204430
2026-09-16 14:39:28.809,CRUDEOILM,PE,10000.0,CRUDEOILM17SEP2610000PE,151.55,140,BUY_AGGRESSOR,3249530,316230
2026-09-16 14:39:28.809,CRUDEOILM,CE,10050.0,CRUDEOILM17SEP2610050CE,196.55,600,BUY_AGGRESSOR,2004300,138560
2026-09-16 14:39:28.809,CRUDEOILM,PE,10050.0,CRUDEOILM17SEP2610050PE,177.35,430,BUY_AGGRESSOR,1522960,136920
2026-09-16 14:39:28.809,CRUDEOILM,CE,10200.0,CRUDEOILM17SEP2610200CE,132.55,60,BUY_AGGRESSOR,1397360,121010
2026-09-16 14:39:28.809,CRUDEOILM,PE,10200.0,CRUDEOILM17SEP2610200PE,262.95,60,SELL,429850,29470
2026-09-16 14:39:28.809,CRUDEOILM,CE,10250.0,CRUDEOILM17SEP2610250CE,116.4,10,BUY_AGGRESSOR,749390,65000
2026-09-16 14:39:28.809,CRUDEOILM,CE,10350.0,CRUDEOILM17SEP2610350CE,88.55,10,SELL_AGGRESSOR,313580,42610
2026-09-16 14:39:30.878,CRUDEOIL,FUT,0.0,CRUDEOIL21SEP26FUT,10071.0,100,BUY_AGGRESSOR,1189100,1582100
2026-09-16 14:39:30.878,CRUDEOIL,PE,9800.0,CRUDEOIL17SEP269800PE,77.9,500,BUY_AGGRESSOR,4875000,849600
2026-09-16 14:39:30.878,CRUDEOIL,CE,9900.0,CRUDEOIL17SEP269900CE,277.8,500,BUY_AGGRESSOR,2721700,417200
2026-09-16 14:39:30.878,CRUDEOIL,PE,9900.0,CRUDEOIL17SEP269900PE,107.2,700,SELL_AGGRESSOR,6153400,1028000
2026-09-16 14:39:30.878,CRUDEOIL,PE,9950.0,CRUDEOIL17SEP269950PE,126.3,100,BUY_AGGRESSOR,2582500,362500
2026-09-16 14:39:30.878,CRUDEOIL,CE,10000.0,CRUDEOIL17SEP2610000CE,219.0,100,BUY_AGGRESSOR,8468900,1006000
2026-09-16 14:39:30.878,CRUDEOIL,PE,10000.0,CRUDEOIL17SEP2610000PE,148.6,1400,BUY_AGGRESSOR,10527700,1053900
2026-09-16 14:39:30.878,CRUDEOIL,CE,10050.0,CRUDEOIL17SEP2610050CE,193.9,900,BUY,3347800,227000
2026-09-16 14:39:30.878,CRUDEOIL,PE,10050.0,CRUDEOIL17SEP2610050PE,173.5,200,BUY_AGGRESSOR,2296300,187500
2026-09-16 14:39:30.878,CRUDEOIL,CE,10100.0,CRUDEOIL17SEP2610100CE,169.5,200,SELL_AGGRESSOR,4452100,421800
2026-09-16 14:39:30.878,CRUDEOIL,PE,10100.0,CRUDEOIL17SEP2610100PE,199.3,100,BUY_AGGRESSOR,2840700,249400
2026-09-16 14:39:30.878,CRUDEOIL,CE,10200.0,CRUDEOIL17SEP2610200CE,129.6,100,SELL_AGGRESSOR,4282900,429300
2026-09-16 14:39:30.878,CRUDEOILM,FUT,0.0,CRUDEOILM21SEP26FUT,10072.0,60,BUY_AGGRESSOR,381650,465180
2026-09-16 14:39:30.878,CRUDEOILM,PE,9900.0,CRUDEOILM17SEP269900PE,110.55,40,BUY_AGGRESSOR,1735540,219230
2026-09-16 14:39:30.878,CRUDEOILM,CE,9950.0,CRUDEOILM17SEP269950CE,250.55,50,BUY_AGGRESSOR,744920,45600
2026-09-16 14:39:30.878,CRUDEOILM,CE,10000.0,CRUDEOILM17SEP2610000CE,222.05,160,BUY_AGGRESSOR,2532230,204430
2026-09-16 14:39:30.878,CRUDEOILM,PE,10000.0,CRUDEOILM17SEP2610000PE,151.55,10,INSIDE,3249540,316230
2026-09-16 14:39:30.878,CRUDEOILM,CE,10050.0,CRUDEOILM17SEP2610050CE,196.7,150,BUY_AGGRESSOR,2004450,138740
2026-09-16 14:39:30.878,CRUDEOILM,PE,10050.0,CRUDEOILM17SEP2610050PE,176.7,50,SELL,1523010,136970
2026-09-16 14:39:30.878,CRUDEOILM,CE,10100.0,CRUDEOILM17SEP2610100CE,172.0,130,SELL_AGGRESSOR,1686690,135320
2026-09-16 14:39:30.878,CRUDEOILM,PE,10100.0,CRUDEOILM17SEP2610100PE,203.05,100,BUY_AGGRESSOR,850120,70680
2026-09-16 14:39:30.878,CRUDEOILM,PE,10150.0,CRUDEOILM17SEP2610150PE,232.7,10,INSIDE,354630,25350
2026-09-16 14:39:30.878,CRUDEOILM,CE,10200.0,CRUDEOILM17SEP2610200CE,132.0,70,SELL,1397430,121030
2026-09-16 14:39:30.878,CRUDEOILM,PE,10250.0,CRUDEOILM17SEP2610250PE,297.45,10,BUY_AGGRESSOR,77220,7160
2026-09-16 14:39:32.810,CRUDEOIL,CE,9900.0,CRUDEOIL17SEP269900CE,277.1,200,SELL_AGGRESSOR,2721900,417100
2026-09-16 14:39:32.810,CRUDEOIL,PE,9900.0,CRUDEOIL17SEP269900PE,107.6,100,BUY_AGGRESSOR,6153500,1028400
2026-09-16 14:39:32.810,CRUDEOIL,CE,10000.0,CRUDEOIL17SEP2610000CE,218.8,400,BUY_AGGRESSOR,8469300,1006300
2026-09-16 14:39:32.810,CRUDEOIL,PE,10000.0,CRUDEOIL17SEP2610000PE,148.3,2300,SELL,10530000,1054100
2026-09-16 14:39:32.810,CRUDEOIL,CE,10050.0,CRUDEOIL17SEP2610050CE,194.0,1500,BUY,3349300,227000
2026-09-16 14:39:32.810,CRUDEOIL,CE,10100.0,CRUDEOIL17SEP2610100CE,169.5,200,SELL_AGGRESSOR,4452300,421800
2026-09-16 14:39:32.810,CRUDEOIL,CE,10150.0,CRUDEOIL17SEP2610150CE,148.8,100,BUY_AGGRESSOR,1574300,190000
2026-09-16 14:39:32.810,CRUDEOIL,PE,10150.0,CRUDEOIL17SEP2610150PE,227.8,100,SELL_AGGRESSOR,592100,43300
2026-09-16 14:39:32.810,CRUDEOIL,CE,10250.0,CRUDEOIL17SEP2610250CE,114.7,100,BUY_AGGRESSOR,1230900,191700
2026-09-16 14:39:32.810,CRUDEOILM,FUT,0.0,CRUDEOILM21SEP26FUT,10072.0,10,BUY_AGGRESSOR,381660,465170
2026-09-16 14:39:32.810,CRUDEOILM,PE,9850.0,CRUDEOILM17SEP269850PE,93.6,50,BUY_AGGRESSOR,743290,150360
2026-09-16 14:39:32.810,CRUDEOILM,CE,9900.0,CRUDEOILM17SEP269900CE,280.9,30,BUY_AGGRESSOR,481810,46490
2026-09-16 14:39:32.810,CRUDEOILM,PE,9900.0,CRUDEOILM17SEP269900PE,110.45,10,BUY_AGGRESSOR,1735550,219240
2026-09-16 14:39:32.810,CRUDEOILM,CE,9950.0,CRUDEOILM17SEP269950CE,249.5,60,SELL_AGGRESSOR,744980,45540
2026-09-16 14:39:32.810,CRUDEOILM,PE,9950.0,CRUDEOILM17SEP269950PE,128.8,70,SELL_AGGRESSOR,1387720,169640
2026-09-16 14:39:32.810,CRUDEOILM,CE,10000.0,CRUDEOILM17SEP2610000CE,221.25,270,SELL_AGGRESSOR,2532500,204440
2026-09-16 14:39:32.810,CRUDEOILM,CE,10050.0,CRUDEOILM17SEP2610050CE,196.2,130,SELL_AGGRESSOR,2004580,138660
2026-09-16 14:39:32.810,CRUDEOILM,PE,10050.0,CRUDEOILM17SEP2610050PE,177.1,100,BUY_AGGRESSOR,1523110,136970
2026-09-16 14:39:32.810,CRUDEOILM,CE,10100.0,CRUDEOILM17SEP2610100CE,172.8,50,BUY_AGGRESSOR,1686740,135340
2026-09-16 14:39:32.810,CRUDEOILM,PE,10100.0,CRUDEOILM17SEP2610100PE,202.95,90,BUY_AGGRESSOR,850210,70770
2026-09-16 14:39:32.810,CRUDEOILM,CE,10150.0,CRUDEOILM17SEP2610150CE,151.5,140,BUY_AGGRESSOR,913800,87450
2026-09-16 14:39:32.810,CRUDEOILM,CE,10200.0,CRUDEOILM17SEP2610200CE,132.3,10,BUY_AGGRESSOR,1397440,121020
2026-09-16 14:39:34.883,CRUDEOIL,PE,9800.0,CRUDEOIL17SEP269800PE,77.7,100,BUY_AGGRESSOR,4875100,849700
2026-09-16 14:39:34.883,CRUDEOIL,PE,9850.0,CRUDEOIL17SEP269850PE,91.3,100,SELL_AGGRESSOR,1495000,346500
2026-09-16 14:39:34.883,CRUDEOIL,CE,9900.0,CRUDEOIL17SEP269900CE,278.5,100,BUY_AGGRESSOR,2722000,417100
2026-09-16 14:39:34.883,CRUDEOIL,PE,9900.0,CRUDEOIL17SEP269900PE,107.4,100,SELL_AGGRESSOR,6153600,1028400
2026-09-16 14:39:34.883,CRUDEOIL,CE,10000.0,CRUDEOIL17SEP2610000CE,218.5,1000,SELL,8470300,1007000
2026-09-16 14:39:34.883,CRUDEOIL,PE,10000.0,CRUDEOIL17SEP2610000PE,148.1,800,SELL_AGGRESSOR,10530800,1053300
2026-09-16 14:39:34.883,CRUDEOIL,CE,10050.0,CRUDEOIL17SEP2610050CE,193.4,300,SELL,3349600,227000
2026-09-16 14:39:34.883,CRUDEOIL,CE,10100.0,CRUDEOIL17SEP2610100CE,169.7,100,SELL_AGGRESSOR,4452400,421800
2026-09-16 14:39:34.883,CRUDEOIL,CE,10150.0,CRUDEOIL17SEP2610150CE,148.8,100,BUY_AGGRESSOR,1574400,190100
2026-09-16 14:39:34.883,CRUDEOIL,CE,10300.0,CRUDEOIL17SEP2610300CE,99.2,200,SELL_AGGRESSOR,2667100,252800
2026-09-16 14:39:34.883,CRUDEOILM,FUT,0.0,CRUDEOILM21SEP26FUT,10072.0,50,BUY_AGGRESSOR,381710,465170
2026-09-16 14:39:34.883,CRUDEOILM,PE,9750.0,CRUDEOILM17SEP269750PE,65.7,30,SELL_AGGRESSOR,513610,146710
2026-09-16 14:39:34.883,CRUDEOILM,PE,9850.0,CRUDEOILM17SEP269850PE,92.55,580,SELL_AGGRESSOR,743870,150160
2026-09-16 14:39:34.883,CRUDEOILM,CE,9900.0,CRUDEOILM17SEP269900CE,281.2,30,BUY_AGGRESSOR,481840,46490
2026-09-16 14:39:34.883,CRUDEOILM,PE,9900.0,CRUDEOILM17SEP269900PE,110.25,40,SELL_AGGRESSOR,1735590,219240
2026-09-16 14:39:34.883,CRUDEOILM,CE,9950.0,CRUDEOILM17SEP269950CE,250.45,10,BUY_AGGRESSOR,744990,45550
2026-09-16 14:39:34.883,CRUDEOILM,PE,9950.0,CRUDEOILM17SEP269950PE,128.85,740,SELL_AGGRESSOR,1388460,169640
2026-09-16 14:39:34.883,CRUDEOILM,CE,10000.0,CRUDEOILM17SEP2610000CE,222.0,370,BUY_AGGRESSOR,2532870,204430
2026-09-16 14:39:34.883,CRUDEOILM,PE,10000.0,CRUDEOILM17SEP2610000PE,151.95,200,BUY_AGGRESSOR,3249740,316320
2026-09-16 14:39:34.883,CRUDEOILM,CE,10050.0,CRUDEOILM17SEP2610050CE,196.15,560,SELL,2005140,138890
2026-09-16 14:39:34.883,CRUDEOILM,PE,10050.0,CRUDEOILM17SEP2610050PE,177.35,50,BUY_AGGRESSOR,1523160,137030
2026-09-16 14:39:34.883,CRUDEOILM,CE,10100.0,CRUDEOILM17SEP2610100CE,173.25,410,BUY_AGGRESSOR,1687150,135490
2026-09-16 14:39:34.883,CRUDEOILM,CE,10150.0,CRUDEOILM17SEP2610150CE,151.65,150,BUY_AGGRESSOR,913950,87530
2026-09-16 14:39:34.883,CRUDEOILM,PE,10150.0,CRUDEOILM17SEP2610150PE,232.0,10,SELL_AGGRESSOR,354640,25340
2026-09-16 14:39:34.883,CRUDEOILM,CE,10200.0,CRUDEOILM17SEP2610200CE,132.9,340,BUY_AGGRESSOR,1397780,121120
2026-09-16 14:39:34.883,CRUDEOILM,CE,10250.0,CRUDEOILM17SEP2610250CE,115.7,430,SELL_AGGRESSOR,749820,64780
2026-09-16 14:39:34.883,CRUDEOILM,CE,10350.0,CRUDEOILM17SEP2610350CE,90.05,400,BUY_AGGRESSOR,313980,42970
2026-09-16 14:39:36.772,CRUDEOIL,FUT,0.0,CRUDEOIL21SEP26FUT,10068.0,100,SELL_AGGRESSOR,1189200,1582200
2026-09-16 14:39:36.772,CRUDEOIL,PE,9850.0,CRUDEOIL17SEP269850PE,91.3,100,SELL_AGGRESSOR,1495100,346500
2026-09-16 14:39:36.772,CRUDEOIL,CE,9900.0,CRUDEOIL17SEP269900CE,278.0,100,SELL,2722100,417100
2026-09-16 14:39:36.772,CRUDEOIL,PE,9900.0,CRUDEOIL17SEP269900PE,107.6,500,BUY_AGGRESSOR,6154100,1028300
2026-09-16 14:39:36.772,CRUDEOIL,CE,10000.0,CRUDEOIL17SEP2610000CE,219.0,300,BUY_AGGRESSOR,8470600,1007000
2026-09-16 14:39:36.772,CRUDEOIL,PE,10000.0,CRUDEOIL17SEP2610000PE,148.9,800,BUY_AGGRESSOR,10531600,1053600
2026-09-16 14:39:36.772,CRUDEOIL,CE,10050.0,CRUDEOIL17SEP2610050CE,194.2,1000,BUY_AGGRESSOR,3350600,228000
2026-09-16 14:39:36.772,CRUDEOIL,CE,10100.0,CRUDEOIL17SEP2610100CE,169.9,200,BUY_AGGRESSOR,4452600,421900
2026-09-16 14:39:36.772,CRUDEOIL,CE,10150.0,CRUDEOIL17SEP2610150CE,148.6,300,SELL,1574700,190400
2026-09-16 14:39:36.772,CRUDEOIL,CE,10200.0,CRUDEOIL17SEP2610200CE,129.6,300,SELL_AGGRESSOR,4283200,429200
2026-09-16 14:39:36.772,CRUDEOIL,CE,10250.0,CRUDEOIL17SEP2610250CE,114.8,800,BUY_AGGRESSOR,1231700,192400
2026-09-16 14:39:36.772,CRUDEOIL,CE,10300.0,CRUDEOIL17SEP2610300CE,99.2,100,SELL_AGGRESSOR,2667200,252800
2026-09-16 14:39:36.772,CRUDEOIL,PE,10300.0,CRUDEOIL17SEP2610300PE,329.9,100,BUY_AGGRESSOR,656600,28300
2026-09-16 14:39:36.772,CRUDEOILM,FUT,0.0,CRUDEOILM21SEP26FUT,10072.0,40,BUY_AGGRESSOR,381750,465150
2026-09-16 14:39:36.772,CRUDEOILM,PE,9900.0,CRUDEOILM17SEP269900PE,110.5,10,BUY_AGGRESSOR,1735600,219240
2026-09-16 14:39:36.772,CRUDEOILM,CE,9950.0,CRUDEOILM17SEP269950CE,251.05,200,BUY_AGGRESSOR,745190,45580
2026-09-16 14:39:36.772,CRUDEOILM,CE,10000.0,CRUDEOILM17SEP2610000CE,221.55,470,SELL_AGGRESSOR,2533340,204310
2026-09-16 14:39:36.772,CRUDEOILM,PE,10000.0,CRUDEOILM17SEP2610000PE,152.25,70,BUY_AGGRESSOR,3249810,316350
2026-09-16 14:39:36.772,CRUDEOILM,CE,10050.0,CRUDEOILM17SEP2610050CE,197.0,150,BUY_AGGRESSOR,2005290,138980
2026-09-16 14:39:36.772,CRUDEOILM,PE,10050.0,CRUDEOILM17SEP2610050PE,177.65,100,BUY_AGGRESSOR,1523260,137040
2026-09-16 14:39:36.772,CRUDEOILM,CE,10100.0,CRUDEOILM17SEP2610100CE,173.1,690,BUY_AGGRESSOR,1687840,135700
2026-09-16 14:39:36.772,CRUDEOILM,PE,10150.0,CRUDEOILM17SEP2610150PE,233.35,120,BUY_AGGRESSOR,354760,25450
2026-09-16 14:39:36.772,CRUDEOILM,CE,10250.0,CRUDEOILM17SEP2610250CE,116.6,10,BUY_AGGRESSOR,749830,64770
2026-09-16 14:39:38.837,CRUDEOIL,PE,9750.0,CRUDEOIL17SEP269750PE,65.0,100,BUY_AGGRESSOR,1001700,203900
2026-09-16 14:39:38.837,CRUDEOIL,PE,9800.0,CRUDEOIL17SEP269800PE,77.8,300,BUY_AGGRESSOR,4875400,849600
2026-09-16 14:39:38.837,CRUDEOIL,PE,9900.0,CRUDEOIL17SEP269900PE,107.6,400,BUY_AGGRESSOR,6154500,1028300
2026-09-16 14:39:38.837,CRUDEOIL,CE,9950.0,CRUDEOIL17SEP269950CE,247.1,200,SELL_AGGRESSOR,1153400,91200
2026-09-16 14:39:38.837,CRUDEOIL,PE,9950.0,CRUDEOIL17SEP269950PE,126.7,600,BUY_AGGRESSOR,2583100,362400
2026-09-16 14:39:38.837,CRUDEOIL,CE,10000.0,CRUDEOIL17SEP2610000CE,218.6,2700,SELL_AGGRESSOR,8473300,1007700
2026-09-16 14:39:38.837,CRUDEOIL,PE,10000.0,CRUDEOIL17SEP2610000PE,148.5,6200,SELL,10537800,1056500
2026-09-16 14:39:38.837,CRUDEOIL,PE,10050.0,CRUDEOIL17SEP2610050PE,173.5,100,BUY_AGGRESSOR,2296400,187500
2026-09-16 14:39:38.837,CRUDEOIL,CE,10100.0,CRUDEOIL17SEP2610100CE,169.5,500,SELL_AGGRESSOR,4453100,421700
2026-09-16 14:39:38.837,CRUDEOIL,PE,10100.0,CRUDEOIL17SEP2610100PE,199.9,700,BUY_AGGRESSOR,2841400,250000
2026-09-16 14:39:38.837,CRUDEOIL,CE,10150.0,CRUDEOIL17SEP2610150CE,148.7,1200,BUY,1575900,191200
2026-09-16 14:39:38.837,CRUDEOIL,PE,10150.0,CRUDEOIL17SEP2610150PE,228.3,100,BUY,592200,43300
2026-09-16 14:39:38.837,CRUDEOIL,CE,10200.0,CRUDEOIL17SEP2610200CE,130.1,400,BUY_AGGRESSOR,4283600,429400
2026-09-16 14:39:38.837,CRUDEOIL,CE,10250.0,CRUDEOIL17SEP2610250CE,114.6,100,SELL,1231800,192500
2026-09-16 14:39:38.837,CRUDEOIL,CE,10300.0,CRUDEOIL17SEP2610300CE,99.4,500,BUY,2667700,252800
2026-09-16 14:39:38.837,CRUDEOIL,CE,10350.0,CRUDEOIL17SEP2610350CE,87.0,100,SELL_AGGRESSOR,651200,89900
2026-09-16 14:39:38.837,CRUDEOILM,FUT,0.0,CRUDEOILM21SEP26FUT,10070.0,90,SELL_AGGRESSOR,381840,465070
2026-09-16 14:39:38.837,CRUDEOILM,PE,9750.0,CRUDEOILM17SEP269750PE,65.95,40,BUY_AGGRESSOR,513650,146710
2026-09-16 14:39:38.837,CRUDEOILM,PE,9800.0,CRUDEOILM17SEP269800PE,79.5,40,SELL_AGGRESSOR,1174490,186100
2026-09-16 14:39:38.837,CRUDEOILM,PE,9850.0,CRUDEOILM17SEP269850PE,93.85,90,BUY_AGGRESSOR,743960,150160
2026-09-16 14:39:38.837,CRUDEOILM,CE,9900.0,CRUDEOILM17SEP269900CE,280.0,160,SELL_AGGRESSOR,482000,46450
2026-09-16 14:39:38.837,CRUDEOILM,PE,9900.0,CRUDEOILM17SEP269900PE,110.8,110,BUY_AGGRESSOR,1735710,219230
2026-09-16 14:39:38.837,CRUDEOILM,PE,9950.0,CRUDEOILM17SEP269950PE,129.7,80,BUY_AGGRESSOR,1388540,169640
2026-09-16 14:39:38.837,CRUDEOILM,CE,10000.0,CRUDEOILM17SEP2610000CE,221.25,160,SELL_AGGRESSOR,2533500,204310
2026-09-16 14:39:38.837,CRUDEOILM,PE,10000.0,CRUDEOILM17SEP2610000PE,152.25,50,BUY_AGGRESSOR,3249860,316360
2026-09-16 14:39:38.837,CRUDEOILM,CE,10050.0,CRUDEOILM17SEP2610050CE,195.05,50,SELL_AGGRESSOR,2005340,138990
2026-09-16 14:39:38.837,CRUDEOILM,PE,10050.0,CRUDEOILM17SEP2610050PE,177.7,190,BUY_AGGRESSOR,1523450,137080
2026-09-16 14:39:38.837,CRUDEOILM,CE,10100.0,CRUDEOILM17SEP2610100CE,171.5,260,SELL_AGGRESSOR,1688100,135650
2026-09-16 14:39:38.837,CRUDEOILM,PE,10100.0,CRUDEOILM17SEP2610100PE,203.95,540,BUY_AGGRESSOR,850750,70870
2026-09-16 14:39:38.837,CRUDEOILM,CE,10150.0,CRUDEOILM17SEP2610150CE,150.95,10,SELL_AGGRESSOR,913960,87530
2026-09-16 14:39:38.837,CRUDEOILM,PE,10150.0,CRUDEOILM17SEP2610150PE,233.25,30,BUY_AGGRESSOR,354790,25450
2026-09-16 14:39:38.837,CRUDEOILM,CE,10200.0,CRUDEOILM17SEP2610200CE,132.6,100,SELL,1397880,121210
2026-09-16 14:39:38.837,CRUDEOILM,PE,10200.0,CRUDEOILM17SEP2610200PE,264.3,10,BUY_AGGRESSOR,429860,29480
2026-09-16 14:39:38.837,CRUDEOILM,CE,10250.0,CRUDEOILM17SEP2610250CE,116.15,20,SELL_AGGRESSOR,749850,64760
2026-09-16 14:39:38.837,CRUDEOILM,CE,10300.0,CRUDEOILM17SEP2610300CE,100.9,140,SELL_AGGRESSOR,1003750,81510
2026-09-16 14:39:38.837,CRUDEOILM,CE,10350.0,CRUDEOILM17SEP2610350CE,88.4,10,SELL_AGGRESSOR,313990,42970
2026-09-16 14:39:40.889,CRUDEOIL,PE,9750.0,CRUDEOIL17SEP269750PE,65.3,100,BUY_AGGRESSOR,1001800,203800
2026-09-16 14:39:40.889,CRUDEOIL,PE,9800.0,CRUDEOIL17SEP269800PE,78.3,200,BUY_AGGRESSOR,4875600,849600
2026-09-16 14:39:40.889,CRUDEOIL,CE,9900.0,CRUDEOIL17SEP269900CE,277.0,100,SELL,2722200,417100
2026-09-16 14:39:40.889,CRUDEOIL,PE,9900.0,CRUDEOIL17SEP269900PE,108.2,200,BUY_AGGRESSOR,6154700,1028200
2026-09-16 14:39:40.889,CRUDEOIL,CE,10000.0,CRUDEOIL17SEP2610000CE,217.8,3200,SELL_AGGRESSOR,8476500,1006900
2026-09-16 14:39:40.889,CRUDEOIL,PE,10000.0,CRUDEOIL17SEP2610000PE,149.4,200,BUY_AGGRESSOR,10538000,1056500
2026-09-16 14:39:40.889,CRUDEOIL,CE,10050.0,CRUDEOIL17SEP2610050CE,192.4,200,SELL_AGGRESSOR,3350800,228000
2026-09-16 14:39:40.889,CRUDEOIL,PE,10050.0,CRUDEOIL17SEP2610050PE,174.0,100,BUY_AGGRESSOR,2296500,187400
2026-09-16 14:39:40.889,CRUDEOIL,CE,10100.0,CRUDEOIL17SEP2610100CE,169.0,1600,SELL_AGGRESSOR,4454700,421700
2026-09-16 14:39:40.889,CRUDEOIL,PE,10100.0,CRUDEOIL17SEP2610100PE,200.3,300,BUY_AGGRESSOR,2841700,250400
2026-09-16 14:39:40.889,CRUDEOIL,CE,10150.0,CRUDEOIL17SEP2610150CE,147.5,500,SELL_AGGRESSOR,1576400,191400
2026-09-16 14:39:40.889,CRUDEOIL,CE,10200.0,CRUDEOIL17SEP2610200CE,129.4,1700,SELL_AGGRESSOR,4285300,430700
2026-09-16 14:39:40.889,CRUDEOIL,PE,10200.0,CRUDEOIL17SEP2610200PE,260.4,500,BUY_AGGRESSOR,1817300,141200
2026-09-16 14:39:40.889,CRUDEOIL,CE,10250.0,CRUDEOIL17SEP2610250CE,113.3,200,SELL_AGGRESSOR,1232000,192500
2026-09-16 14:39:40.889,CRUDEOIL,CE,10300.0,CRUDEOIL17SEP2610300CE,99.0,1100,SELL_AGGRESSOR,2668800,252800
2026-09-16 14:39:40.889,CRUDEOIL,CE,10350.0,CRUDEOIL17SEP2610350CE,86.8,300,SELL_AGGRESSOR,651500,90000
2026-09-16 14:39:40.889,CRUDEOILM,FUT,0.0,CRUDEOILM21SEP26FUT,10069.0,10,SELL_AGGRESSOR,381850,465060
2026-09-16 14:39:40.889,CRUDEOILM,CE,9900.0,CRUDEOILM17SEP269900CE,278.25,160,SELL_AGGRESSOR,482160,46410
2026-09-16 14:39:40.889,CRUDEOILM,CE,9950.0,CRUDEOILM17SEP269950CE,248.55,60,SELL_AGGRESSOR,745250,45650
2026-09-16 14:39:40.889,CRUDEOILM,PE,9950.0,CRUDEOILM17SEP269950PE,130.05,100,BUY,1388640,169650
2026-09-16 14:39:40.889,CRUDEOILM,CE,10000.0,CRUDEOILM17SEP2610000CE,219.8,150,SELL_AGGRESSOR,2533650,204320
2026-09-16 14:39:40.889,CRUDEOILM,PE,10000.0,CRUDEOILM17SEP2610000PE,152.0,80,SELL_AGGRESSOR,3249940,316350
2026-09-16 14:39:40.889,CRUDEOILM,CE,10050.0,CRUDEOILM17SEP2610050CE,195.1,460,BUY,2005800,138890
2026-09-16 14:39:40.889,CRUDEOILM,PE,10050.0,CRUDEOILM17SEP2610050PE,177.1,140,SELL_AGGRESSOR,1523590,137030
2026-09-16 14:39:40.889,CRUDEOILM,CE,10100.0,CRUDEOILM17SEP2610100CE,171.35,10,SELL_AGGRESSOR,1688110,135650
2026-09-16 14:39:40.889,CRUDEOILM,CE,10150.0,CRUDEOILM17SEP2610150CE,150.1,230,SELL_AGGRESSOR,914190,87650
2026-09-16 14:39:40.889,CRUDEOILM,PE,10150.0,CRUDEOILM17SEP2610150PE,232.95,20,SELL_AGGRESSOR,354810,25430
2026-09-16 14:39:40.889,CRUDEOILM,CE,10200.0,CRUDEOILM17SEP2610200CE,131.25,90,SELL_AGGRESSOR,1397970,121290
2026-09-16 14:39:40.889,CRUDEOILM,CE,10250.0,CRUDEOILM17SEP2610250CE,115.5,90,SELL_AGGRESSOR,749940,64760
2026-09-16 14:39:42.737,CRUDEOIL,CE,9800.0,CRUDEOIL17SEP269800CE,346.7,200,BUY_AGGRESSOR,1129800,190100
2026-09-16 14:39:42.737,CRUDEOIL,PE,9850.0,CRUDEOIL17SEP269850PE,91.5,500,SELL_AGGRESSOR,1495600,346600
2026-09-16 14:39:42.737,CRUDEOIL,CE,9900.0,CRUDEOIL17SEP269900CE,275.6,300,SELL_AGGRESSOR,2722500,417100
2026-09-16 14:39:42.737,CRUDEOIL,PE,9900.0,CRUDEOIL17SEP269900PE,107.9,1000,SELL_AGGRESSOR,6155700,1028400
2026-09-16 14:39:42.737,CRUDEOIL,CE,9950.0,CRUDEOIL17SEP269950CE,245.9,100,SELL_AGGRESSOR,1153500,91100
2026-09-16 14:39:42.737,CRUDEOIL,CE,10000.0,CRUDEOIL17SEP2610000CE,218.5,900,BUY_AGGRESSOR,8477400,1006900
2026-09-16 14:39:42.737,CRUDEOIL,PE,10000.0,CRUDEOIL17SEP2610000PE,148.7,4600,SELL_AGGRESSOR,10542600,1057000
2026-09-16 14:39:42.737,CRUDEOIL,CE,10050.0,CRUDEOIL17SEP2610050CE,193.0,600,BUY_AGGRESSOR,3351400,228200
2026-09-16 14:39:42.737,CRUDEOIL,PE,10050.0,CRUDEOIL17SEP2610050PE,173.5,400,SELL_AGGRESSOR,2296900,187800
2026-09-16 14:39:42.737,CRUDEOIL,CE,10100.0,CRUDEOIL17SEP2610100CE,169.0,700,BUY_AGGRESSOR,4455400,421400
2026-09-16 14:39:42.737,CRUDEOIL,PE,10100.0,CRUDEOIL17SEP2610100PE,199.9,100,SELL,2841800,250500
2026-09-16 14:39:42.737,CRUDEOIL,CE,10150.0,CRUDEOIL17SEP2610150CE,148.2,400,BUY_AGGRESSOR,1576800,191800
2026-09-16 14:39:42.737,CRUDEOIL,CE,10200.0,CRUDEOIL17SEP2610200CE,129.0,700,SELL_AGGRESSOR,4286000,431700
2026-09-16 14:39:42.737,CRUDEOIL,CE,10250.0,CRUDEOIL17SEP2610250CE,113.8,1000,BUY_AGGRESSOR,1233000,192500
2026-09-16 14:39:42.737,CRUDEOIL,CE,10300.0,CRUDEOIL17SEP2610300CE,98.8,600,BUY_AGGRESSOR,2669400,253200
2026-09-16 14:39:42.737,CRUDEOILM,FUT,0.0,CRUDEOILM21SEP26FUT,10069.0,40,SELL_AGGRESSOR,381890,465060
2026-09-16 14:39:42.737,CRUDEOILM,PE,9750.0,CRUDEOILM17SEP269750PE,66.1,110,SELL_AGGRESSOR,513760,146710
2026-09-16 14:39:42.737,CRUDEOILM,CE,9850.0,CRUDEOILM17SEP269850CE,312.1,20,SELL,207300,28410
2026-09-16 14:39:42.737,CRUDEOILM,PE,9850.0,CRUDEOILM17SEP269850PE,93.65,570,SELL,744530,149810
2026-09-16 14:39:42.737,CRUDEOILM,CE,9900.0,CRUDEOILM17SEP269900CE,278.95,40,SELL_AGGRESSOR,482200,46370
2026-09-16 14:39:42.737,CRUDEOILM,PE,9900.0,CRUDEOILM17SEP269900PE,111.15,40,BUY_AGGRESSOR,1735750,219220
2026-09-16 14:39:42.737,CRUDEOILM,CE,9950.0,CRUDEOILM17SEP269950CE,249.3,60,BUY_AGGRESSOR,745310,45680
2026-09-16 14:39:42.737,CRUDEOILM,PE,9950.0,CRUDEOILM17SEP269950PE,129.55,120,SELL_AGGRESSOR,1388760,169650
2026-09-16 14:39:42.737,CRUDEOILM,CE,10000.0,CRUDEOILM17SEP2610000CE,221.0,220,BUY_AGGRESSOR,2533870,204310
2026-09-16 14:39:42.737,CRUDEOILM,PE,10000.0,CRUDEOILM17SEP2610000PE,151.85,150,SELL_AGGRESSOR,3250090,316350
2026-09-16 14:39:42.737,CRUDEOILM,CE,10050.0,CRUDEOILM17SEP2610050CE,195.3,710,BUY_AGGRESSOR,2006510,138470
2026-09-16 14:39:42.737,CRUDEOILM,PE,10050.0,CRUDEOILM17SEP2610050PE,176.7,70,SELL_AGGRESSOR,1523660,137030
2026-09-16 14:39:42.737,CRUDEOILM,CE,10100.0,CRUDEOILM17SEP2610100CE,171.95,150,BUY_AGGRESSOR,1688260,135690
2026-09-16 14:39:42.737,CRUDEOILM,PE,10100.0,CRUDEOILM17SEP2610100PE,202.95,40,SELL_AGGRESSOR,850790,70970
2026-09-16 14:39:42.737,CRUDEOILM,CE,10150.0,CRUDEOILM17SEP2610150CE,150.8,110,BUY_AGGRESSOR,914300,87710
2026-09-16 14:39:42.737,CRUDEOILM,CE,10200.0,CRUDEOILM17SEP2610200CE,131.6,30,BUY,1398000,121290
2026-09-16 14:39:42.737,CRUDEOILM,CE,10250.0,CRUDEOILM17SEP2610250CE,116.5,20,BUY_AGGRESSOR,749960,64750
2026-09-16 14:39:42.737,CRUDEOILM,CE,10300.0,CRUDEOILM17SEP2610300CE,100.5,20,SELL_AGGRESSOR,1003770,81490
2026-09-16 14:39:42.737,CRUDEOILM,CE,10350.0,CRUDEOILM17SEP2610350CE,89.4,70,BUY_AGGRESSOR,314060,42970
